{
    "ID": "D5E100",
    "LengthOfSchedule": 5,
    "Shift_types": [
        "D",
        "E",
        "N"
    ],
    "Shifts": [
        {
            "ID": 1,
            "Demand": 11,
            "Day": 2,
            "ShiftType": "E"
        },
        {
            "ID": 2,
            "Demand": 12,
            "Day": 3,
            "ShiftType": "N"
        },
        {
            "ID": 3,
            "Demand": 13,
            "Day": 4,
            "ShiftType": "D"
        },
        {
            "ID": 4,
            "Demand": 14,
            "Day": 5,
            "ShiftType": "E"
        },
        {
            "ID": 5,
            "Demand": 15,
            "Day": 1,
            "ShiftType": "N"
        },
        {
            "ID": 6,
            "Demand": 16,
            "Day": 2,
            "ShiftType": "D"
        },
        {
            "ID": 7,
            "Demand": 17,
            "Day": 3,
            "ShiftType": "E"
        },
        {
            "ID": 8,
            "Demand": 18,
            "Day": 4,
            "ShiftType": "N"
        },
        {
            "ID": 9,
            "Demand": 19,
            "Day": 5,
            "ShiftType": "D"
        },
        {
            "ID": 10,
            "Demand": 20,
            "Day": 1,
            "ShiftType": "E"
        },
        {
            "ID": 11,
            "Demand": 21,
            "Day": 2,
            "ShiftType": "N"
        },
        {
            "ID": 12,
            "Demand": 22,
            "Day": 3,
            "ShiftType": "D"
        },
        {
            "ID": 13,
            "Demand": 23,
            "Day": 4,
            "ShiftType": "E"
        },
        {
            "ID": 14,
            "Demand": 24,
            "Day": 5,
            "ShiftType": "N"
        },
        {
            "ID": 15,
            "Demand": 25,
            "Day": 1,
            "ShiftType": "D"
        }
    ],
    "Employees": [
        {
            "ID": 1
        },
        {
            "ID": 2
        },
        {
            "ID": 3
        },
        {
            "ID": 4
        },
        {
            "ID": 5
        },
        {
            "ID": 6
        },
        {
            "ID": 7
        },
        {
            "ID": 8
        },
        {
            "ID": 9
        },
        {
            "ID": 10
        },
        {
            "ID": 11
        },
        {
            "ID": 12
        },
        {
            "ID": 13
        },
        {
            "ID": 14
        },
        {
            "ID": 15
        },
        {
            "ID": 16
        },
        {
            "ID": 17
        },
        {
            "ID": 18
        },
        {
            "ID": 19
        },
        {
            "ID": 20
        },
        {
            "ID": 21
        },
        {
            "ID": 22
        },
        {
            "ID": 23
        },
        {
            "ID": 24
        },
        {
            "ID": 25
        },
        {
            "ID": 26
        },
        {
            "ID": 27
        },
        {
            "ID": 28
        },
        {
            "ID": 29
        },
        {
            "ID": 30
        },
        {
            "ID": 31
        },
        {
            "ID": 32
        },
        {
            "ID": 33
        },
        {
            "ID": 34
        },
        {
            "ID": 35
        },
        {
            "ID": 36
        },
        {
            "ID": 37
        },
        {
            "ID": 38
        },
        {
            "ID": 39
        },
        {
            "ID": 40
        },
        {
            "ID": 41
        },
        {
            "ID": 42
        },
        {
            "ID": 43
        },
        {
            "ID": 44
        },
        {
            "ID": 45
        },
        {
            "ID": 46
        },
        {
            "ID": 47
        },
        {
            "ID": 48
        },
        {
            "ID": 49
        },
        {
            "ID": 50
        },
        {
            "ID": 51
        },
        {
            "ID": 52
        },
        {
            "ID": 53
        },
        {
            "ID": 54
        },
        {
            "ID": 55
        },
        {
            "ID": 56
        },
        {
            "ID": 57
        },
        {
            "ID": 58
        },
        {
            "ID": 59
        },
        {
            "ID": 60
        },
        {
            "ID": 61
        },
        {
            "ID": 62
        },
        {
            "ID": 63
        },
        {
            "ID": 64
        },
        {
            "ID": 65
        },
        {
            "ID": 66
        },
        {
            "ID": 67
        },
        {
            "ID": 68
        },
        {
            "ID": 69
        },
        {
            "ID": 70
        },
        {
            "ID": 71
        },
        {
            "ID": 72
        },
        {
            "ID": 73
        },
        {
            "ID": 74
        },
        {
            "ID": 75
        },
        {
            "ID": 76
        },
        {
            "ID": 77
        },
        {
            "ID": 78
        },
        {
            "ID": 79
        },
        {
            "ID": 80
        },
        {
            "ID": 81
        },
        {
            "ID": 82
        },
        {
            "ID": 83
        },
        {
            "ID": 84
        },
        {
            "ID": 85
        },
        {
            "ID": 86
        },
        {
            "ID": 87
        },
        {
            "ID": 88
        },
        {
            "ID": 89
        },
        {
            "ID": 90
        },
        {
            "ID": 91
        },
        {
            "ID": 92
        },
        {
            "ID": 93
        },
        {
            "ID": 94
        },
        {
            "ID": 95
        },
        {
            "ID": 96
        },
        {
            "ID": 97
        },
        {
            "ID": 98
        },
        {
            "ID": 99
        },
        {
            "ID": 100
        }
    ]
}