{
    "ID": "D1E50",
    "LengthOfSchedule": 1,
    "Shift_types": [
        "D",
        "E",
        "N"
    ],
    "Shifts": [
        {
            "ID": 1,
            "Demand": 26,
            "Day": 1,
            "ShiftType": "E"
        },
        {
            "ID": 2,
            "Demand": 27,
            "Day": 1,
            "ShiftType": "N"
        },
        {
            "ID": 3,
            "Demand": 28,
            "Day": 1,
            "ShiftType": "D"
        }
    ],
    "Employees": [
        {
            "ID": 1
        },
        {
            "ID": 2
        },
        {
            "ID": 3
        },
        {
            "ID": 4
        },
        {
            "ID": 5
        },
        {
            "ID": 6
        },
        {
            "ID": 7
        },
        {
            "ID": 8
        },
        {
            "ID": 9
        },
        {
            "ID": 10
        },
        {
            "ID": 11
        },
        {
            "ID": 12
        },
        {
            "ID": 13
        },
        {
            "ID": 14
        },
        {
            "ID": 15
        },
        {
            "ID": 16
        },
        {
            "ID": 17
        },
        {
            "ID": 18
        },
        {
            "ID": 19
        },
        {
            "ID": 20
        },
        {
            "ID": 21
        },
        {
            "ID": 22
        },
        {
            "ID": 23
        },
        {
            "ID": 24
        },
        {
            "ID": 25
        },
        {
            "ID": 26
        },
        {
            "ID": 27
        },
        {
            "ID": 28
        },
        {
            "ID": 29
        },
        {
            "ID": 30
        },
        {
            "ID": 31
        },
        {
            "ID": 32
        },
        {
            "ID": 33
        },
        {
            "ID": 34
        },
        {
            "ID": 35
        },
        {
            "ID": 36
        },
        {
            "ID": 37
        },
        {
            "ID": 38
        },
        {
            "ID": 39
        },
        {
            "ID": 40
        },
        {
            "ID": 41
        },
        {
            "ID": 42
        },
        {
            "ID": 43
        },
        {
            "ID": 44
        },
        {
            "ID": 45
        },
        {
            "ID": 46
        },
        {
            "ID": 47
        },
        {
            "ID": 48
        },
        {
            "ID": 49
        },
        {
            "ID": 50
        }
    ]
}