{
    "id": "D28E3",
    "numberOfEmployees": 3,
    "numberOfDays": 28,
    "shiftTypes": [
        "D",
        "E",
        "N"
    ],
    "minimumWorkingDaysPerPeriod7Days": 2,
    "maximumWorkingDaysPerPeriod7Days": 5,
    "maximumShiftsPerDay": 1,
    "minimumBreakBetween2WorkingShifts": 2,
    "shifts": [
        {
            "id": 1,
            "demand": 1,
            "day": 1,
            "shiftType": "D"
        },
        {
            "id": 2,
            "demand": 1,
            "day": 1,
            "shiftType": "E"
        },
        {
            "id": 3,
            "demand": 1,
            "day": 1,
            "shiftType": "N"
        },
        {
            "id": 4,
            "demand": 1,
            "day": 2,
            "shiftType": "D"
        },
        {
            "id": 5,
            "demand": 1,
            "day": 2,
            "shiftType": "E"
        },
        {
            "id": 6,
            "demand": 1,
            "day": 2,
            "shiftType": "N"
        },
        {
            "id": 7,
            "demand": 1,
            "day": 3,
            "shiftType": "D"
        },
        {
            "id": 8,
            "demand": 1,
            "day": 3,
            "shiftType": "E"
        },
        {
            "id": 9,
            "demand": 1,
            "day": 3,
            "shiftType": "N"
        },
        {
            "id": 10,
            "demand": 1,
            "day": 4,
            "shiftType": "D"
        },
        {
            "id": 11,
            "demand": 1,
            "day": 4,
            "shiftType": "E"
        },
        {
            "id": 12,
            "demand": 1,
            "day": 4,
            "shiftType": "N"
        },
        {
            "id": 13,
            "demand": 1,
            "day": 5,
            "shiftType": "D"
        },
        {
            "id": 14,
            "demand": 1,
            "day": 5,
            "shiftType": "E"
        },
        {
            "id": 15,
            "demand": 1,
            "day": 5,
            "shiftType": "N"
        },
        {
            "id": 16,
            "demand": 1,
            "day": 6,
            "shiftType": "D"
        },
        {
            "id": 17,
            "demand": 1,
            "day": 6,
            "shiftType": "E"
        },
        {
            "id": 18,
            "demand": 1,
            "day": 6,
            "shiftType": "N"
        },
        {
            "id": 19,
            "demand": 1,
            "day": 7,
            "shiftType": "D"
        },
        {
            "id": 20,
            "demand": 1,
            "day": 7,
            "shiftType": "E"
        },
        {
            "id": 21,
            "demand": 1,
            "day": 7,
            "shiftType": "N"
        },
        {
            "id": 22,
            "demand": 1,
            "day": 8,
            "shiftType": "D"
        },
        {
            "id": 23,
            "demand": 1,
            "day": 8,
            "shiftType": "E"
        },
        {
            "id": 24,
            "demand": 1,
            "day": 8,
            "shiftType": "N"
        },
        {
            "id": 25,
            "demand": 1,
            "day": 9,
            "shiftType": "D"
        },
        {
            "id": 26,
            "demand": 1,
            "day": 9,
            "shiftType": "E"
        },
        {
            "id": 27,
            "demand": 1,
            "day": 9,
            "shiftType": "N"
        },
        {
            "id": 28,
            "demand": 1,
            "day": 10,
            "shiftType": "D"
        },
        {
            "id": 29,
            "demand": 1,
            "day": 10,
            "shiftType": "E"
        },
        {
            "id": 30,
            "demand": 1,
            "day": 10,
            "shiftType": "N"
        },
        {
            "id": 31,
            "demand": 1,
            "day": 11,
            "shiftType": "D"
        },
        {
            "id": 32,
            "demand": 1,
            "day": 11,
            "shiftType": "E"
        },
        {
            "id": 33,
            "demand": 1,
            "day": 11,
            "shiftType": "N"
        },
        {
            "id": 34,
            "demand": 1,
            "day": 12,
            "shiftType": "D"
        },
        {
            "id": 35,
            "demand": 1,
            "day": 12,
            "shiftType": "E"
        },
        {
            "id": 36,
            "demand": 1,
            "day": 12,
            "shiftType": "N"
        },
        {
            "id": 37,
            "demand": 1,
            "day": 13,
            "shiftType": "D"
        },
        {
            "id": 38,
            "demand": 1,
            "day": 13,
            "shiftType": "E"
        },
        {
            "id": 39,
            "demand": 1,
            "day": 13,
            "shiftType": "N"
        },
        {
            "id": 40,
            "demand": 1,
            "day": 14,
            "shiftType": "D"
        },
        {
            "id": 41,
            "demand": 1,
            "day": 14,
            "shiftType": "E"
        },
        {
            "id": 42,
            "demand": 1,
            "day": 14,
            "shiftType": "N"
        },
        {
            "id": 43,
            "demand": 1,
            "day": 15,
            "shiftType": "D"
        },
        {
            "id": 44,
            "demand": 1,
            "day": 15,
            "shiftType": "E"
        },
        {
            "id": 45,
            "demand": 1,
            "day": 15,
            "shiftType": "N"
        },
        {
            "id": 46,
            "demand": 1,
            "day": 16,
            "shiftType": "D"
        },
        {
            "id": 47,
            "demand": 1,
            "day": 16,
            "shiftType": "E"
        },
        {
            "id": 48,
            "demand": 1,
            "day": 16,
            "shiftType": "N"
        },
        {
            "id": 49,
            "demand": 1,
            "day": 17,
            "shiftType": "D"
        },
        {
            "id": 50,
            "demand": 1,
            "day": 17,
            "shiftType": "E"
        },
        {
            "id": 51,
            "demand": 1,
            "day": 17,
            "shiftType": "N"
        },
        {
            "id": 52,
            "demand": 1,
            "day": 18,
            "shiftType": "D"
        },
        {
            "id": 53,
            "demand": 1,
            "day": 18,
            "shiftType": "E"
        },
        {
            "id": 54,
            "demand": 1,
            "day": 18,
            "shiftType": "N"
        },
        {
            "id": 55,
            "demand": 1,
            "day": 19,
            "shiftType": "D"
        },
        {
            "id": 56,
            "demand": 1,
            "day": 19,
            "shiftType": "E"
        },
        {
            "id": 57,
            "demand": 1,
            "day": 19,
            "shiftType": "N"
        },
        {
            "id": 58,
            "demand": 1,
            "day": 20,
            "shiftType": "D"
        },
        {
            "id": 59,
            "demand": 1,
            "day": 20,
            "shiftType": "E"
        },
        {
            "id": 60,
            "demand": 1,
            "day": 20,
            "shiftType": "N"
        },
        {
            "id": 61,
            "demand": 1,
            "day": 21,
            "shiftType": "D"
        },
        {
            "id": 62,
            "demand": 1,
            "day": 21,
            "shiftType": "E"
        },
        {
            "id": 63,
            "demand": 1,
            "day": 21,
            "shiftType": "N"
        },
        {
            "id": 64,
            "demand": 1,
            "day": 22,
            "shiftType": "D"
        },
        {
            "id": 65,
            "demand": 1,
            "day": 22,
            "shiftType": "E"
        },
        {
            "id": 66,
            "demand": 1,
            "day": 22,
            "shiftType": "N"
        },
        {
            "id": 67,
            "demand": 1,
            "day": 23,
            "shiftType": "D"
        },
        {
            "id": 68,
            "demand": 1,
            "day": 23,
            "shiftType": "E"
        },
        {
            "id": 69,
            "demand": 1,
            "day": 23,
            "shiftType": "N"
        },
        {
            "id": 70,
            "demand": 1,
            "day": 24,
            "shiftType": "D"
        },
        {
            "id": 71,
            "demand": 1,
            "day": 24,
            "shiftType": "E"
        },
        {
            "id": 72,
            "demand": 1,
            "day": 24,
            "shiftType": "N"
        },
        {
            "id": 73,
            "demand": 1,
            "day": 25,
            "shiftType": "D"
        },
        {
            "id": 74,
            "demand": 1,
            "day": 25,
            "shiftType": "E"
        },
        {
            "id": 75,
            "demand": 1,
            "day": 25,
            "shiftType": "N"
        },
        {
            "id": 76,
            "demand": 1,
            "day": 26,
            "shiftType": "D"
        },
        {
            "id": 77,
            "demand": 1,
            "day": 26,
            "shiftType": "E"
        },
        {
            "id": 78,
            "demand": 1,
            "day": 26,
            "shiftType": "N"
        },
        {
            "id": 79,
            "demand": 1,
            "day": 27,
            "shiftType": "D"
        },
        {
            "id": 80,
            "demand": 1,
            "day": 27,
            "shiftType": "E"
        },
        {
            "id": 81,
            "demand": 1,
            "day": 27,
            "shiftType": "N"
        },
        {
            "id": 82,
            "demand": 1,
            "day": 28,
            "shiftType": "D"
        },
        {
            "id": 83,
            "demand": 1,
            "day": 28,
            "shiftType": "E"
        },
        {
            "id": 84,
            "demand": 1,
            "day": 28,
            "shiftType": "N"
        }
    ],
    "employees": [
        {
            "id": 1,
            "shiftOffs": [
                2,
                5,
                6,
                7,
                13,
                15,
                24,
                26,
                27,
                28,
                31,
                32,
                33,
                41,
                48,
                51,
                54,
                55,
                58,
                59,
                62,
                65,
                67,
                68,
                69,
                72,
                82,
                83,
                84
            ],
            "totalNumberOfWorkingShifts": 17
        },
        {
            "id": 2,
            "shiftOffs": [
                3,
                5,
                6,
                8,
                11,
                14,
                15,
                16,
                24,
                25,
                27,
                28,
                31,
                38,
                40,
                41,
                42,
                43,
                44,
                45,
                57,
                58,
                60,
                65,
                70,
                71,
                72,
                75,
                77,
                79,
                81,
                83
            ],
            "totalNumberOfWorkingShifts": 17
        },
        {
            "id": 3,
            "shiftOffs": [
                26,
                31,
                40,
                42,
                43,
                50,
                57,
                58,
                60,
                63,
                68,
                69,
                74,
                75
            ],
            "totalNumberOfWorkingShifts": 17
        }
    ]
}