{
    "ID": "D28E3",
    "LengthOfSchedule": 28,
    "Shift_types": [
        "D",
        "E",
        "N"
    ],
    "Shifts": [
        {
            "ID": 1,
            "Demand": 2,
            "Day": 2,
            "ShiftType": "E"
        },
        {
            "ID": 2,
            "Demand": 1,
            "Day": 3,
            "ShiftType": "N"
        },
        {
            "ID": 3,
            "Demand": 2,
            "Day": 4,
            "ShiftType": "D"
        },
        {
            "ID": 4,
            "Demand": 1,
            "Day": 5,
            "ShiftType": "E"
        },
        {
            "ID": 5,
            "Demand": 2,
            "Day": 6,
            "ShiftType": "N"
        },
        {
            "ID": 6,
            "Demand": 1,
            "Day": 7,
            "ShiftType": "D"
        },
        {
            "ID": 7,
            "Demand": 2,
            "Day": 8,
            "ShiftType": "E"
        },
        {
            "ID": 8,
            "Demand": 1,
            "Day": 9,
            "ShiftType": "N"
        },
        {
            "ID": 9,
            "Demand": 2,
            "Day": 10,
            "ShiftType": "D"
        },
        {
            "ID": 10,
            "Demand": 1,
            "Day": 11,
            "ShiftType": "E"
        },
        {
            "ID": 11,
            "Demand": 2,
            "Day": 12,
            "ShiftType": "N"
        },
        {
            "ID": 12,
            "Demand": 1,
            "Day": 13,
            "ShiftType": "D"
        },
        {
            "ID": 13,
            "Demand": 2,
            "Day": 14,
            "ShiftType": "E"
        },
        {
            "ID": 14,
            "Demand": 1,
            "Day": 15,
            "ShiftType": "N"
        },
        {
            "ID": 15,
            "Demand": 2,
            "Day": 16,
            "ShiftType": "D"
        },
        {
            "ID": 16,
            "Demand": 1,
            "Day": 17,
            "ShiftType": "E"
        },
        {
            "ID": 17,
            "Demand": 2,
            "Day": 18,
            "ShiftType": "N"
        },
        {
            "ID": 18,
            "Demand": 1,
            "Day": 19,
            "ShiftType": "D"
        },
        {
            "ID": 19,
            "Demand": 2,
            "Day": 20,
            "ShiftType": "E"
        },
        {
            "ID": 20,
            "Demand": 1,
            "Day": 21,
            "ShiftType": "N"
        },
        {
            "ID": 21,
            "Demand": 2,
            "Day": 22,
            "ShiftType": "D"
        },
        {
            "ID": 22,
            "Demand": 1,
            "Day": 23,
            "ShiftType": "E"
        },
        {
            "ID": 23,
            "Demand": 2,
            "Day": 24,
            "ShiftType": "N"
        },
        {
            "ID": 24,
            "Demand": 1,
            "Day": 25,
            "ShiftType": "D"
        },
        {
            "ID": 25,
            "Demand": 2,
            "Day": 26,
            "ShiftType": "E"
        },
        {
            "ID": 26,
            "Demand": 1,
            "Day": 27,
            "ShiftType": "N"
        },
        {
            "ID": 27,
            "Demand": 2,
            "Day": 28,
            "ShiftType": "D"
        },
        {
            "ID": 28,
            "Demand": 1,
            "Day": 1,
            "ShiftType": "E"
        },
        {
            "ID": 29,
            "Demand": 2,
            "Day": 2,
            "ShiftType": "N"
        },
        {
            "ID": 30,
            "Demand": 1,
            "Day": 3,
            "ShiftType": "D"
        },
        {
            "ID": 31,
            "Demand": 2,
            "Day": 4,
            "ShiftType": "E"
        },
        {
            "ID": 32,
            "Demand": 1,
            "Day": 5,
            "ShiftType": "N"
        },
        {
            "ID": 33,
            "Demand": 2,
            "Day": 6,
            "ShiftType": "D"
        },
        {
            "ID": 34,
            "Demand": 1,
            "Day": 7,
            "ShiftType": "E"
        },
        {
            "ID": 35,
            "Demand": 2,
            "Day": 8,
            "ShiftType": "N"
        },
        {
            "ID": 36,
            "Demand": 1,
            "Day": 9,
            "ShiftType": "D"
        },
        {
            "ID": 37,
            "Demand": 2,
            "Day": 10,
            "ShiftType": "E"
        },
        {
            "ID": 38,
            "Demand": 1,
            "Day": 11,
            "ShiftType": "N"
        },
        {
            "ID": 39,
            "Demand": 2,
            "Day": 12,
            "ShiftType": "D"
        },
        {
            "ID": 40,
            "Demand": 1,
            "Day": 13,
            "ShiftType": "E"
        },
        {
            "ID": 41,
            "Demand": 2,
            "Day": 14,
            "ShiftType": "N"
        },
        {
            "ID": 42,
            "Demand": 1,
            "Day": 15,
            "ShiftType": "D"
        },
        {
            "ID": 43,
            "Demand": 2,
            "Day": 16,
            "ShiftType": "E"
        },
        {
            "ID": 44,
            "Demand": 1,
            "Day": 17,
            "ShiftType": "N"
        },
        {
            "ID": 45,
            "Demand": 2,
            "Day": 18,
            "ShiftType": "D"
        },
        {
            "ID": 46,
            "Demand": 1,
            "Day": 19,
            "ShiftType": "E"
        },
        {
            "ID": 47,
            "Demand": 2,
            "Day": 20,
            "ShiftType": "N"
        },
        {
            "ID": 48,
            "Demand": 1,
            "Day": 21,
            "ShiftType": "D"
        },
        {
            "ID": 49,
            "Demand": 2,
            "Day": 22,
            "ShiftType": "E"
        },
        {
            "ID": 50,
            "Demand": 1,
            "Day": 23,
            "ShiftType": "N"
        },
        {
            "ID": 51,
            "Demand": 2,
            "Day": 24,
            "ShiftType": "D"
        },
        {
            "ID": 52,
            "Demand": 1,
            "Day": 25,
            "ShiftType": "E"
        },
        {
            "ID": 53,
            "Demand": 2,
            "Day": 26,
            "ShiftType": "N"
        },
        {
            "ID": 54,
            "Demand": 1,
            "Day": 27,
            "ShiftType": "D"
        },
        {
            "ID": 55,
            "Demand": 2,
            "Day": 28,
            "ShiftType": "E"
        },
        {
            "ID": 56,
            "Demand": 1,
            "Day": 1,
            "ShiftType": "N"
        },
        {
            "ID": 57,
            "Demand": 2,
            "Day": 2,
            "ShiftType": "D"
        },
        {
            "ID": 58,
            "Demand": 1,
            "Day": 3,
            "ShiftType": "E"
        },
        {
            "ID": 59,
            "Demand": 2,
            "Day": 4,
            "ShiftType": "N"
        },
        {
            "ID": 60,
            "Demand": 1,
            "Day": 5,
            "ShiftType": "D"
        },
        {
            "ID": 61,
            "Demand": 2,
            "Day": 6,
            "ShiftType": "E"
        },
        {
            "ID": 62,
            "Demand": 1,
            "Day": 7,
            "ShiftType": "N"
        },
        {
            "ID": 63,
            "Demand": 2,
            "Day": 8,
            "ShiftType": "D"
        },
        {
            "ID": 64,
            "Demand": 1,
            "Day": 9,
            "ShiftType": "E"
        },
        {
            "ID": 65,
            "Demand": 2,
            "Day": 10,
            "ShiftType": "N"
        },
        {
            "ID": 66,
            "Demand": 1,
            "Day": 11,
            "ShiftType": "D"
        },
        {
            "ID": 67,
            "Demand": 2,
            "Day": 12,
            "ShiftType": "E"
        },
        {
            "ID": 68,
            "Demand": 1,
            "Day": 13,
            "ShiftType": "N"
        },
        {
            "ID": 69,
            "Demand": 2,
            "Day": 14,
            "ShiftType": "D"
        },
        {
            "ID": 70,
            "Demand": 1,
            "Day": 15,
            "ShiftType": "E"
        },
        {
            "ID": 71,
            "Demand": 2,
            "Day": 16,
            "ShiftType": "N"
        },
        {
            "ID": 72,
            "Demand": 1,
            "Day": 17,
            "ShiftType": "D"
        },
        {
            "ID": 73,
            "Demand": 2,
            "Day": 18,
            "ShiftType": "E"
        },
        {
            "ID": 74,
            "Demand": 1,
            "Day": 19,
            "ShiftType": "N"
        },
        {
            "ID": 75,
            "Demand": 2,
            "Day": 20,
            "ShiftType": "D"
        },
        {
            "ID": 76,
            "Demand": 1,
            "Day": 21,
            "ShiftType": "E"
        },
        {
            "ID": 77,
            "Demand": 2,
            "Day": 22,
            "ShiftType": "N"
        },
        {
            "ID": 78,
            "Demand": 1,
            "Day": 23,
            "ShiftType": "D"
        },
        {
            "ID": 79,
            "Demand": 2,
            "Day": 24,
            "ShiftType": "E"
        },
        {
            "ID": 80,
            "Demand": 1,
            "Day": 25,
            "ShiftType": "N"
        },
        {
            "ID": 81,
            "Demand": 2,
            "Day": 26,
            "ShiftType": "D"
        },
        {
            "ID": 82,
            "Demand": 1,
            "Day": 27,
            "ShiftType": "E"
        },
        {
            "ID": 83,
            "Demand": 2,
            "Day": 28,
            "ShiftType": "N"
        },
        {
            "ID": 84,
            "Demand": 1,
            "Day": 1,
            "ShiftType": "D"
        }
    ],
    "Employees": [
        {
            "ID": 1
        },
        {
            "ID": 2
        },
        {
            "ID": 3
        }
    ]
}