{
    "ID": "D5E20",
    "LengthOfSchedule": 5,
    "Shift_types": [
        "D",
        "E",
        "N"
    ],
    "Shifts": [
        {
            "ID": 1,
            "Demand": 5,
            "Day": 2,
            "ShiftType": "E"
        },
        {
            "ID": 2,
            "Demand": 6,
            "Day": 3,
            "ShiftType": "N"
        },
        {
            "ID": 3,
            "Demand": 7,
            "Day": 4,
            "ShiftType": "D"
        },
        {
            "ID": 4,
            "Demand": 8,
            "Day": 5,
            "ShiftType": "E"
        },
        {
            "ID": 5,
            "Demand": 9,
            "Day": 1,
            "ShiftType": "N"
        },
        {
            "ID": 6,
            "Demand": 10,
            "Day": 2,
            "ShiftType": "D"
        },
        {
            "ID": 7,
            "Demand": 11,
            "Day": 3,
            "ShiftType": "E"
        },
        {
            "ID": 8,
            "Demand": 12,
            "Day": 4,
            "ShiftType": "N"
        },
        {
            "ID": 9,
            "Demand": 13,
            "Day": 5,
            "ShiftType": "D"
        },
        {
            "ID": 10,
            "Demand": 14,
            "Day": 1,
            "ShiftType": "E"
        },
        {
            "ID": 11,
            "Demand": 15,
            "Day": 2,
            "ShiftType": "N"
        },
        {
            "ID": 12,
            "Demand": 16,
            "Day": 3,
            "ShiftType": "D"
        },
        {
            "ID": 13,
            "Demand": 4,
            "Day": 4,
            "ShiftType": "E"
        },
        {
            "ID": 14,
            "Demand": 5,
            "Day": 5,
            "ShiftType": "N"
        },
        {
            "ID": 15,
            "Demand": 6,
            "Day": 1,
            "ShiftType": "D"
        }
    ],
    "Employees": [
        {
            "ID": 1
        },
        {
            "ID": 2
        },
        {
            "ID": 3
        },
        {
            "ID": 4
        },
        {
            "ID": 5
        },
        {
            "ID": 6
        },
        {
            "ID": 7
        },
        {
            "ID": 8
        },
        {
            "ID": 9
        },
        {
            "ID": 10
        },
        {
            "ID": 11
        },
        {
            "ID": 12
        },
        {
            "ID": 13
        },
        {
            "ID": 14
        },
        {
            "ID": 15
        },
        {
            "ID": 16
        },
        {
            "ID": 17
        },
        {
            "ID": 18
        },
        {
            "ID": 19
        },
        {
            "ID": 20
        }
    ]
}