{
    "ID": "D1E3",
    "LengthOfSchedule": 1,
    "Shift_types": [
        "D",
        "E",
        "N"
    ],
    "Shifts": [
        {
            "ID": 1,
            "Demand": 2,
            "Day": 1,
            "ShiftType": "E"
        },
        {
            "ID": 2,
            "Demand": 1,
            "Day": 1,
            "ShiftType": "N"
        },
        {
            "ID": 3,
            "Demand": 2,
            "Day": 1,
            "ShiftType": "D"
        }
    ],
    "Employees": [
        {
            "ID": 1
        },
        {
            "ID": 2
        },
        {
            "ID": 3
        }
    ]
}