{
    "id": "D28E100",
    "numberOfEmployees": 100,
    "numberOfDays": 28,
    "shiftTypes": [
        "D",
        "E",
        "N"
    ],
    "minimumWorkingDaysPerPeriod7Days": 2,
    "maximumWorkingDaysPerPeriod7Days": 5,
    "maximumShiftsPerDay": 1,
    "minimumBreakBetween2WorkingShifts": 2,
    "shifts": [
        {
            "id": 1,
            "demand": 64,
            "day": 1,
            "shiftType": "D"
        },
        {
            "id": 2,
            "demand": 49,
            "day": 1,
            "shiftType": "E"
        },
        {
            "id": 3,
            "demand": 43,
            "day": 1,
            "shiftType": "N"
        },
        {
            "id": 4,
            "demand": 65,
            "day": 2,
            "shiftType": "D"
        },
        {
            "id": 5,
            "demand": 77,
            "day": 2,
            "shiftType": "E"
        },
        {
            "id": 6,
            "demand": 20,
            "day": 2,
            "shiftType": "N"
        },
        {
            "id": 7,
            "demand": 30,
            "day": 3,
            "shiftType": "D"
        },
        {
            "id": 8,
            "demand": 30,
            "day": 3,
            "shiftType": "E"
        },
        {
            "id": 9,
            "demand": 65,
            "day": 3,
            "shiftType": "N"
        },
        {
            "id": 10,
            "demand": 50,
            "day": 4,
            "shiftType": "D"
        },
        {
            "id": 11,
            "demand": 39,
            "day": 4,
            "shiftType": "E"
        },
        {
            "id": 12,
            "demand": 61,
            "day": 4,
            "shiftType": "N"
        },
        {
            "id": 13,
            "demand": 29,
            "day": 5,
            "shiftType": "D"
        },
        {
            "id": 14,
            "demand": 58,
            "day": 5,
            "shiftType": "E"
        },
        {
            "id": 15,
            "demand": 64,
            "day": 5,
            "shiftType": "N"
        },
        {
            "id": 16,
            "demand": 49,
            "day": 6,
            "shiftType": "D"
        },
        {
            "id": 17,
            "demand": 24,
            "day": 6,
            "shiftType": "E"
        },
        {
            "id": 18,
            "demand": 24,
            "day": 6,
            "shiftType": "N"
        },
        {
            "id": 19,
            "demand": 38,
            "day": 7,
            "shiftType": "D"
        },
        {
            "id": 20,
            "demand": 38,
            "day": 7,
            "shiftType": "E"
        },
        {
            "id": 21,
            "demand": 52,
            "day": 7,
            "shiftType": "N"
        },
        {
            "id": 22,
            "demand": 63,
            "day": 8,
            "shiftType": "D"
        },
        {
            "id": 23,
            "demand": 24,
            "day": 8,
            "shiftType": "E"
        },
        {
            "id": 24,
            "demand": 52,
            "day": 8,
            "shiftType": "N"
        },
        {
            "id": 25,
            "demand": 65,
            "day": 9,
            "shiftType": "D"
        },
        {
            "id": 26,
            "demand": 37,
            "day": 9,
            "shiftType": "E"
        },
        {
            "id": 27,
            "demand": 26,
            "day": 9,
            "shiftType": "N"
        },
        {
            "id": 28,
            "demand": 65,
            "day": 10,
            "shiftType": "D"
        },
        {
            "id": 29,
            "demand": 56,
            "day": 10,
            "shiftType": "E"
        },
        {
            "id": 30,
            "demand": 41,
            "day": 10,
            "shiftType": "N"
        },
        {
            "id": 31,
            "demand": 61,
            "day": 11,
            "shiftType": "D"
        },
        {
            "id": 32,
            "demand": 64,
            "day": 11,
            "shiftType": "E"
        },
        {
            "id": 33,
            "demand": 74,
            "day": 11,
            "shiftType": "N"
        },
        {
            "id": 34,
            "demand": 26,
            "day": 12,
            "shiftType": "D"
        },
        {
            "id": 35,
            "demand": 30,
            "day": 12,
            "shiftType": "E"
        },
        {
            "id": 36,
            "demand": 43,
            "day": 12,
            "shiftType": "N"
        },
        {
            "id": 37,
            "demand": 65,
            "day": 13,
            "shiftType": "D"
        },
        {
            "id": 38,
            "demand": 45,
            "day": 13,
            "shiftType": "E"
        },
        {
            "id": 39,
            "demand": 42,
            "day": 13,
            "shiftType": "N"
        },
        {
            "id": 40,
            "demand": 62,
            "day": 14,
            "shiftType": "D"
        },
        {
            "id": 41,
            "demand": 54,
            "day": 14,
            "shiftType": "E"
        },
        {
            "id": 42,
            "demand": 73,
            "day": 14,
            "shiftType": "N"
        },
        {
            "id": 43,
            "demand": 80,
            "day": 15,
            "shiftType": "D"
        },
        {
            "id": 44,
            "demand": 40,
            "day": 15,
            "shiftType": "E"
        },
        {
            "id": 45,
            "demand": 42,
            "day": 15,
            "shiftType": "N"
        },
        {
            "id": 46,
            "demand": 72,
            "day": 16,
            "shiftType": "D"
        },
        {
            "id": 47,
            "demand": 79,
            "day": 16,
            "shiftType": "E"
        },
        {
            "id": 48,
            "demand": 68,
            "day": 16,
            "shiftType": "N"
        },
        {
            "id": 49,
            "demand": 53,
            "day": 17,
            "shiftType": "D"
        },
        {
            "id": 50,
            "demand": 38,
            "day": 17,
            "shiftType": "E"
        },
        {
            "id": 51,
            "demand": 63,
            "day": 17,
            "shiftType": "N"
        },
        {
            "id": 52,
            "demand": 76,
            "day": 18,
            "shiftType": "D"
        },
        {
            "id": 53,
            "demand": 23,
            "day": 18,
            "shiftType": "E"
        },
        {
            "id": 54,
            "demand": 69,
            "day": 18,
            "shiftType": "N"
        },
        {
            "id": 55,
            "demand": 70,
            "day": 19,
            "shiftType": "D"
        },
        {
            "id": 56,
            "demand": 21,
            "day": 19,
            "shiftType": "E"
        },
        {
            "id": 57,
            "demand": 68,
            "day": 19,
            "shiftType": "N"
        },
        {
            "id": 58,
            "demand": 43,
            "day": 20,
            "shiftType": "D"
        },
        {
            "id": 59,
            "demand": 78,
            "day": 20,
            "shiftType": "E"
        },
        {
            "id": 60,
            "demand": 59,
            "day": 20,
            "shiftType": "N"
        },
        {
            "id": 61,
            "demand": 62,
            "day": 21,
            "shiftType": "D"
        },
        {
            "id": 62,
            "demand": 70,
            "day": 21,
            "shiftType": "E"
        },
        {
            "id": 63,
            "demand": 55,
            "day": 21,
            "shiftType": "N"
        },
        {
            "id": 64,
            "demand": 39,
            "day": 22,
            "shiftType": "D"
        },
        {
            "id": 65,
            "demand": 74,
            "day": 22,
            "shiftType": "E"
        },
        {
            "id": 66,
            "demand": 67,
            "day": 22,
            "shiftType": "N"
        },
        {
            "id": 67,
            "demand": 64,
            "day": 23,
            "shiftType": "D"
        },
        {
            "id": 68,
            "demand": 76,
            "day": 23,
            "shiftType": "E"
        },
        {
            "id": 69,
            "demand": 21,
            "day": 23,
            "shiftType": "N"
        },
        {
            "id": 70,
            "demand": 70,
            "day": 24,
            "shiftType": "D"
        },
        {
            "id": 71,
            "demand": 44,
            "day": 24,
            "shiftType": "E"
        },
        {
            "id": 72,
            "demand": 59,
            "day": 24,
            "shiftType": "N"
        },
        {
            "id": 73,
            "demand": 66,
            "day": 25,
            "shiftType": "D"
        },
        {
            "id": 74,
            "demand": 23,
            "day": 25,
            "shiftType": "E"
        },
        {
            "id": 75,
            "demand": 62,
            "day": 25,
            "shiftType": "N"
        },
        {
            "id": 76,
            "demand": 32,
            "day": 26,
            "shiftType": "D"
        },
        {
            "id": 77,
            "demand": 59,
            "day": 26,
            "shiftType": "E"
        },
        {
            "id": 78,
            "demand": 50,
            "day": 26,
            "shiftType": "N"
        },
        {
            "id": 79,
            "demand": 43,
            "day": 27,
            "shiftType": "D"
        },
        {
            "id": 80,
            "demand": 66,
            "day": 27,
            "shiftType": "E"
        },
        {
            "id": 81,
            "demand": 77,
            "day": 27,
            "shiftType": "N"
        },
        {
            "id": 82,
            "demand": 79,
            "day": 28,
            "shiftType": "D"
        },
        {
            "id": 83,
            "demand": 46,
            "day": 28,
            "shiftType": "E"
        },
        {
            "id": 84,
            "demand": 70,
            "day": 28,
            "shiftType": "N"
        }
    ],
    "employees": [
        {
            "id": 1,
            "shiftOffs": [
                4,
                9,
                10,
                11,
                21,
                22,
                33,
                38,
                51,
                55,
                58,
                59,
                61,
                62,
                67,
                68,
                73,
                74,
                75,
                78,
                81,
                84
            ],
            "totalNumberOfWorkingShifts": 17
        },
        {
            "id": 2,
            "shiftOffs": [
                2,
                4,
                9,
                15,
                20,
                39,
                41,
                42,
                43,
                45,
                60,
                63,
                70,
                75,
                78,
                82
            ],
            "totalNumberOfWorkingShifts": 17
        },
        {
            "id": 3,
            "shiftOffs": [
                9,
                18,
                22,
                29,
                37,
                38,
                39,
                43,
                44,
                46,
                49,
                51,
                58,
                64,
                65,
                68,
                74,
                75
            ],
            "totalNumberOfWorkingShifts": 17
        },
        {
            "id": 4,
            "shiftOffs": [
                1,
                4,
                10,
                11,
                14,
                19,
                21,
                22,
                23,
                27,
                33,
                34,
                38,
                50,
                56,
                58,
                60,
                63,
                68,
                79,
                81,
                82
            ],
            "totalNumberOfWorkingShifts": 17
        },
        {
            "id": 5,
            "shiftOffs": [
                13,
                14,
                20,
                21,
                23,
                25,
                27,
                46,
                47,
                58,
                60,
                64,
                72,
                74,
                79,
                84
            ],
            "totalNumberOfWorkingShifts": 17
        },
        {
            "id": 6,
            "shiftOffs": [
                4,
                5,
                6,
                11,
                13,
                21,
                25,
                30,
                34,
                36,
                39,
                40,
                50,
                51,
                55,
                61,
                62,
                65,
                66,
                67,
                71,
                72,
                74,
                79
            ],
            "totalNumberOfWorkingShifts": 17
        },
        {
            "id": 7,
            "shiftOffs": [
                3,
                5,
                7,
                9,
                11,
                12,
                18,
                20,
                25,
                26,
                31,
                39,
                40,
                46,
                53,
                59,
                76,
                79
            ],
            "totalNumberOfWorkingShifts": 17
        },
        {
            "id": 8,
            "shiftOffs": [
                3,
                16,
                17,
                20,
                21,
                23,
                25,
                34,
                47,
                52,
                56,
                57,
                58,
                62,
                71,
                73,
                79
            ],
            "totalNumberOfWorkingShifts": 17
        },
        {
            "id": 9,
            "shiftOffs": [
                1,
                4,
                6,
                16,
                17,
                21,
                28,
                29,
                35,
                36,
                37,
                38,
                39,
                46,
                48,
                51,
                52,
                55,
                60,
                61,
                63,
                65,
                75,
                84
            ],
            "totalNumberOfWorkingShifts": 17
        },
        {
            "id": 10,
            "shiftOffs": [
                3,
                5,
                9,
                18,
                23,
                30,
                33,
                37,
                41,
                45,
                48,
                51,
                53,
                55,
                67,
                68,
                74,
                81,
                82
            ],
            "totalNumberOfWorkingShifts": 17
        },
        {
            "id": 11,
            "shiftOffs": [
                1,
                3,
                4,
                10,
                12,
                20,
                24,
                27,
                29,
                35,
                42,
                45,
                55,
                60,
                62,
                63,
                66,
                70,
                72,
                73,
                74
            ],
            "totalNumberOfWorkingShifts": 17
        },
        {
            "id": 12,
            "shiftOffs": [
                2,
                5,
                6,
                8,
                9,
                10,
                12,
                14,
                15,
                21,
                22,
                23,
                35,
                37,
                41,
                67,
                73,
                77,
                79,
                84
            ],
            "totalNumberOfWorkingShifts": 17
        },
        {
            "id": 13,
            "shiftOffs": [
                2,
                3,
                9,
                12,
                14,
                18,
                33,
                43,
                46,
                48,
                52,
                54,
                55,
                56,
                59,
                60,
                62,
                64,
                73,
                81
            ],
            "totalNumberOfWorkingShifts": 17
        },
        {
            "id": 14,
            "shiftOffs": [
                3,
                10,
                11,
                12,
                19,
                21,
                22,
                28,
                30,
                31,
                33,
                40,
                48,
                49,
                50,
                51,
                58,
                60,
                70,
                71,
                73,
                79
            ],
            "totalNumberOfWorkingShifts": 17
        },
        {
            "id": 15,
            "shiftOffs": [
                2,
                5,
                7,
                11,
                12,
                17,
                20,
                22,
                25,
                27,
                39,
                46,
                48,
                56,
                61,
                63,
                66,
                69,
                71,
                81
            ],
            "totalNumberOfWorkingShifts": 17
        },
        {
            "id": 16,
            "shiftOffs": [
                1,
                7,
                13,
                18,
                19,
                31,
                36,
                38,
                42,
                44,
                45,
                46,
                47,
                51,
                53,
                61,
                62,
                65,
                67,
                73,
                79,
                81,
                83
            ],
            "totalNumberOfWorkingShifts": 17
        },
        {
            "id": 17,
            "shiftOffs": [
                2,
                6,
                7,
                13,
                18,
                19,
                21,
                24,
                25,
                29,
                30,
                34,
                36,
                53,
                57,
                59,
                64,
                74,
                80,
                84
            ],
            "totalNumberOfWorkingShifts": 17
        },
        {
            "id": 18,
            "shiftOffs": [
                8,
                13,
                14,
                22,
                23,
                27,
                28,
                38,
                45,
                48,
                49,
                51,
                57,
                63,
                66,
                71,
                73,
                74,
                76,
                80
            ],
            "totalNumberOfWorkingShifts": 17
        },
        {
            "id": 19,
            "shiftOffs": [
                3,
                9,
                13,
                15,
                16,
                17,
                20,
                21,
                28,
                29,
                31,
                34,
                49,
                51,
                53,
                55,
                60,
                80,
                81,
                84
            ],
            "totalNumberOfWorkingShifts": 17
        },
        {
            "id": 20,
            "shiftOffs": [
                1,
                21,
                23,
                24,
                28,
                30,
                33,
                37,
                44,
                45,
                48,
                49,
                58,
                68,
                70,
                72,
                77,
                80,
                84
            ],
            "totalNumberOfWorkingShifts": 17
        },
        {
            "id": 21,
            "shiftOffs": [
                7,
                9,
                14,
                15,
                16,
                24,
                30,
                33,
                37,
                39,
                42,
                45,
                46,
                48,
                57,
                59,
                64,
                71,
                76,
                80,
                81
            ],
            "totalNumberOfWorkingShifts": 17
        },
        {
            "id": 22,
            "shiftOffs": [
                22,
                29,
                30,
                34,
                41,
                47,
                48,
                50,
                51,
                52,
                53,
                54,
                55,
                60,
                61,
                63,
                66,
                78,
                82
            ],
            "totalNumberOfWorkingShifts": 17
        },
        {
            "id": 23,
            "shiftOffs": [
                5,
                6,
                7,
                12,
                25,
                36,
                43,
                46,
                47,
                51,
                52,
                56,
                58,
                74,
                77,
                79,
                83
            ],
            "totalNumberOfWorkingShifts": 17
        },
        {
            "id": 24,
            "shiftOffs": [
                4,
                5,
                6,
                13,
                20,
                24,
                25,
                27,
                33,
                40,
                42,
                43,
                45,
                50,
                52,
                54,
                56,
                66,
                69,
                75,
                82
            ],
            "totalNumberOfWorkingShifts": 17
        },
        {
            "id": 25,
            "shiftOffs": [
                4,
                8,
                18,
                21,
                26,
                32,
                37,
                38,
                40,
                44,
                46,
                58,
                59,
                64,
                68,
                69,
                78,
                79,
                82,
                83
            ],
            "totalNumberOfWorkingShifts": 17
        },
        {
            "id": 26,
            "shiftOffs": [
                1,
                3,
                5,
                13,
                24,
                29,
                30,
                32,
                36,
                38,
                41,
                43,
                50,
                54,
                61,
                65,
                69,
                72,
                75,
                78,
                82,
                84
            ],
            "totalNumberOfWorkingShifts": 17
        },
        {
            "id": 27,
            "shiftOffs": [
                13,
                20,
                21,
                22,
                26,
                29,
                32,
                35,
                36,
                38,
                45,
                49,
                58,
                59,
                60,
                62,
                65,
                66,
                69,
                70,
                71,
                76,
                80,
                84
            ],
            "totalNumberOfWorkingShifts": 17
        },
        {
            "id": 28,
            "shiftOffs": [
                6,
                9,
                12,
                35,
                37,
                42,
                45,
                56,
                58,
                61,
                67,
                68,
                70,
                71,
                75,
                77,
                80,
                82
            ],
            "totalNumberOfWorkingShifts": 17
        },
        {
            "id": 29,
            "shiftOffs": [
                3,
                4,
                13,
                15,
                16,
                25,
                26,
                39,
                41,
                42,
                54,
                55,
                56,
                61,
                65,
                67,
                68,
                69,
                71,
                76,
                80
            ],
            "totalNumberOfWorkingShifts": 17
        },
        {
            "id": 30,
            "shiftOffs": [
                1,
                5,
                9,
                17,
                19,
                27,
                31,
                33,
                41,
                44,
                48,
                49,
                50,
                52,
                54,
                60,
                65,
                66,
                69,
                71,
                73
            ],
            "totalNumberOfWorkingShifts": 17
        },
        {
            "id": 31,
            "shiftOffs": [
                1,
                11,
                20,
                21,
                23,
                24,
                25,
                29,
                32,
                37,
                43,
                45,
                52,
                53,
                57,
                61,
                64,
                70,
                72
            ],
            "totalNumberOfWorkingShifts": 17
        },
        {
            "id": 32,
            "shiftOffs": [
                5,
                7,
                10,
                14,
                16,
                17,
                26,
                28,
                34,
                46,
                51,
                57,
                60,
                63,
                70,
                80,
                81
            ],
            "totalNumberOfWorkingShifts": 17
        },
        {
            "id": 33,
            "shiftOffs": [
                3,
                7,
                11,
                15,
                22,
                28,
                31,
                33,
                35,
                38,
                41,
                44,
                45,
                52,
                53,
                60,
                64,
                69,
                72,
                73
            ],
            "totalNumberOfWorkingShifts": 17
        },
        {
            "id": 34,
            "shiftOffs": [
                15,
                17,
                21,
                23,
                34,
                42,
                49,
                51,
                54,
                56,
                58,
                60,
                61,
                65,
                73,
                74,
                81
            ],
            "totalNumberOfWorkingShifts": 17
        },
        {
            "id": 35,
            "shiftOffs": [
                9,
                12,
                14,
                19,
                20,
                22,
                23,
                31,
                38,
                44,
                45,
                47,
                48,
                52,
                54,
                57,
                68,
                75,
                78,
                79
            ],
            "totalNumberOfWorkingShifts": 17
        },
        {
            "id": 36,
            "shiftOffs": [
                12,
                17,
                24,
                26,
                31,
                32,
                39,
                41,
                43,
                46,
                49,
                52,
                53,
                56,
                64,
                67,
                69,
                71,
                84
            ],
            "totalNumberOfWorkingShifts": 17
        },
        {
            "id": 37,
            "shiftOffs": [
                5,
                9,
                17,
                22,
                27,
                29,
                30,
                55,
                58,
                68,
                69,
                74,
                78,
                82,
                83,
                84
            ],
            "totalNumberOfWorkingShifts": 17
        },
        {
            "id": 38,
            "shiftOffs": [
                4,
                7,
                10,
                21,
                22,
                36,
                39,
                40,
                43,
                52,
                53,
                58,
                65,
                70,
                75,
                82
            ],
            "totalNumberOfWorkingShifts": 17
        },
        {
            "id": 39,
            "shiftOffs": [
                7,
                11,
                12,
                15,
                19,
                20,
                24,
                26,
                31,
                39,
                40,
                41,
                49,
                51,
                57,
                61,
                62,
                65,
                67,
                70,
                72,
                74,
                79,
                82
            ],
            "totalNumberOfWorkingShifts": 17
        },
        {
            "id": 40,
            "shiftOffs": [
                4,
                9,
                11,
                12,
                18,
                28,
                30,
                33,
                34,
                40,
                44,
                45,
                49,
                71,
                72,
                78,
                80
            ],
            "totalNumberOfWorkingShifts": 17
        },
        {
            "id": 41,
            "shiftOffs": [
                2,
                8,
                9,
                20,
                21,
                22,
                24,
                29,
                33,
                37,
                45,
                50,
                53,
                57,
                59,
                61,
                67,
                72,
                75,
                82
            ],
            "totalNumberOfWorkingShifts": 17
        },
        {
            "id": 42,
            "shiftOffs": [
                2,
                4,
                5,
                6,
                14,
                25,
                27,
                32,
                39,
                41,
                52,
                64,
                66,
                70,
                77,
                82,
                84
            ],
            "totalNumberOfWorkingShifts": 17
        },
        {
            "id": 43,
            "shiftOffs": [
                3,
                6,
                7,
                8,
                17,
                23,
                26,
                30,
                32,
                35,
                42,
                44,
                49,
                50,
                53,
                58,
                60,
                65,
                69,
                79,
                84
            ],
            "totalNumberOfWorkingShifts": 17
        },
        {
            "id": 44,
            "shiftOffs": [
                4,
                5,
                6,
                7,
                14,
                16,
                18,
                19,
                22,
                26,
                27,
                28,
                32,
                41,
                46,
                47,
                49,
                52,
                54,
                69,
                72,
                76,
                77,
                79,
                81
            ],
            "totalNumberOfWorkingShifts": 17
        },
        {
            "id": 45,
            "shiftOffs": [
                1,
                4,
                6,
                10,
                12,
                19,
                23,
                33,
                44,
                50,
                52,
                57,
                58,
                59,
                60,
                63,
                65,
                68,
                72
            ],
            "totalNumberOfWorkingShifts": 17
        },
        {
            "id": 46,
            "shiftOffs": [
                3,
                6,
                11,
                15,
                25,
                31,
                49,
                50,
                51,
                52,
                55,
                57,
                60,
                61,
                63,
                67,
                68,
                76,
                79,
                84
            ],
            "totalNumberOfWorkingShifts": 17
        },
        {
            "id": 47,
            "shiftOffs": [
                3,
                5,
                6,
                13,
                16,
                19,
                22,
                36,
                38,
                40,
                41,
                45,
                48,
                55,
                58,
                59,
                65,
                66,
                68,
                71,
                72,
                82,
                83
            ],
            "totalNumberOfWorkingShifts": 17
        },
        {
            "id": 48,
            "shiftOffs": [
                1,
                11,
                13,
                17,
                18,
                29,
                37,
                41,
                46,
                49,
                51,
                56,
                59,
                62,
                76,
                80,
                82
            ],
            "totalNumberOfWorkingShifts": 17
        },
        {
            "id": 49,
            "shiftOffs": [
                1,
                2,
                3,
                5,
                7,
                13,
                16,
                17,
                18,
                19,
                24,
                27,
                31,
                32,
                47,
                48,
                51,
                53,
                58,
                59,
                71,
                72,
                78,
                80,
                81
            ],
            "totalNumberOfWorkingShifts": 17
        },
        {
            "id": 50,
            "shiftOffs": [
                1,
                5,
                7,
                18,
                26,
                31,
                35,
                42,
                50,
                52,
                59,
                61,
                65,
                66,
                68,
                70,
                72,
                75,
                81,
                83
            ],
            "totalNumberOfWorkingShifts": 17
        },
        {
            "id": 51,
            "shiftOffs": [
                1,
                5,
                9,
                18,
                19,
                27,
                28,
                31,
                33,
                36,
                44,
                46,
                47,
                53,
                54,
                55,
                62,
                71,
                72,
                74
            ],
            "totalNumberOfWorkingShifts": 17
        },
        {
            "id": 52,
            "shiftOffs": [
                1,
                3,
                4,
                8,
                14,
                15,
                16,
                17,
                18,
                21,
                25,
                28,
                36,
                49,
                51,
                52,
                53,
                58,
                61,
                69,
                70,
                71,
                73,
                78
            ],
            "totalNumberOfWorkingShifts": 17
        },
        {
            "id": 53,
            "shiftOffs": [
                3,
                5,
                9,
                11,
                13,
                15,
                18,
                19,
                31,
                34,
                37,
                39,
                41,
                43,
                52,
                55,
                57,
                58,
                65,
                67,
                69,
                70,
                73,
                75,
                79
            ],
            "totalNumberOfWorkingShifts": 17
        },
        {
            "id": 54,
            "shiftOffs": [
                4,
                6,
                7,
                11,
                29,
                38,
                39,
                40,
                41,
                45,
                46,
                49,
                54,
                57,
                63,
                69,
                75,
                78,
                83
            ],
            "totalNumberOfWorkingShifts": 17
        },
        {
            "id": 55,
            "shiftOffs": [
                4,
                6,
                7,
                8,
                12,
                16,
                21,
                25,
                35,
                36,
                43,
                45,
                48,
                51,
                56,
                60,
                64,
                68,
                70,
                71,
                74,
                77,
                81
            ],
            "totalNumberOfWorkingShifts": 17
        },
        {
            "id": 56,
            "shiftOffs": [
                7,
                8,
                10,
                21,
                26,
                28,
                30,
                37,
                38,
                41,
                44,
                45,
                46,
                49,
                50,
                51,
                52,
                56,
                58,
                60,
                66,
                69,
                70,
                76,
                84
            ],
            "totalNumberOfWorkingShifts": 17
        },
        {
            "id": 57,
            "shiftOffs": [
                3,
                4,
                13,
                16,
                28,
                32,
                35,
                38,
                40,
                41,
                46,
                48,
                49,
                50,
                52,
                57,
                58,
                59,
                67,
                72,
                79
            ],
            "totalNumberOfWorkingShifts": 17
        },
        {
            "id": 58,
            "shiftOffs": [
                13,
                20,
                22,
                23,
                26,
                29,
                34,
                36,
                37,
                39,
                48,
                61,
                63,
                68,
                72,
                75,
                78,
                82
            ],
            "totalNumberOfWorkingShifts": 17
        },
        {
            "id": 59,
            "shiftOffs": [
                5,
                6,
                7,
                8,
                10,
                11,
                16,
                22,
                23,
                30,
                34,
                35,
                39,
                46,
                48,
                49,
                54,
                56,
                59,
                64,
                69,
                72,
                75,
                79,
                82
            ],
            "totalNumberOfWorkingShifts": 17
        },
        {
            "id": 60,
            "shiftOffs": [
                1,
                7,
                12,
                19,
                26,
                27,
                29,
                34,
                38,
                39,
                48,
                61,
                67,
                68,
                69,
                71,
                73,
                84
            ],
            "totalNumberOfWorkingShifts": 17
        },
        {
            "id": 61,
            "shiftOffs": [
                7,
                10,
                12,
                17,
                19,
                20,
                25,
                27,
                34,
                35,
                38,
                42,
                46,
                51,
                52,
                59,
                60,
                64,
                70,
                73,
                79,
                80,
                82,
                84
            ],
            "totalNumberOfWorkingShifts": 17
        },
        {
            "id": 62,
            "shiftOffs": [
                2,
                6,
                7,
                9,
                13,
                19,
                24,
                28,
                32,
                35,
                50,
                56,
                59,
                62,
                63,
                65,
                68,
                74,
                77,
                78
            ],
            "totalNumberOfWorkingShifts": 17
        },
        {
            "id": 63,
            "shiftOffs": [
                4,
                5,
                7,
                9,
                12,
                16,
                23,
                25,
                26,
                27,
                30,
                33,
                44,
                46,
                57,
                63,
                64,
                66,
                82
            ],
            "totalNumberOfWorkingShifts": 17
        },
        {
            "id": 64,
            "shiftOffs": [
                2,
                3,
                7,
                18,
                24,
                25,
                28,
                31,
                34,
                37,
                40,
                44,
                45,
                58,
                59,
                61,
                77,
                78,
                80,
                81,
                83
            ],
            "totalNumberOfWorkingShifts": 17
        },
        {
            "id": 65,
            "shiftOffs": [
                1,
                2,
                6,
                8,
                10,
                13,
                20,
                24,
                33,
                36,
                38,
                40,
                44,
                46,
                47,
                57,
                58,
                65,
                68,
                78,
                79
            ],
            "totalNumberOfWorkingShifts": 17
        },
        {
            "id": 66,
            "shiftOffs": [
                7,
                8,
                9,
                11,
                15,
                17,
                27,
                28,
                29,
                35,
                40,
                41,
                48,
                50,
                56,
                58,
                63,
                73,
                80,
                81
            ],
            "totalNumberOfWorkingShifts": 17
        },
        {
            "id": 67,
            "shiftOffs": [
                2,
                16,
                22,
                26,
                30,
                33,
                34,
                36,
                43,
                46,
                53,
                54,
                59,
                62,
                65,
                72,
                78
            ],
            "totalNumberOfWorkingShifts": 17
        },
        {
            "id": 68,
            "shiftOffs": [
                9,
                13,
                24,
                25,
                27,
                29,
                36,
                37,
                41,
                42,
                44,
                47,
                48,
                60,
                62,
                70,
                72,
                74,
                82,
                83
            ],
            "totalNumberOfWorkingShifts": 17
        },
        {
            "id": 69,
            "shiftOffs": [
                9,
                10,
                20,
                26,
                30,
                43,
                44,
                46,
                48,
                60,
                64,
                65,
                67,
                72,
                76,
                77,
                83
            ],
            "totalNumberOfWorkingShifts": 17
        },
        {
            "id": 70,
            "shiftOffs": [
                8,
                9,
                13,
                16,
                19,
                20,
                29,
                36,
                38,
                41,
                43,
                58,
                61,
                64,
                65,
                66,
                71,
                73,
                75,
                77,
                79,
                81
            ],
            "totalNumberOfWorkingShifts": 17
        },
        {
            "id": 71,
            "shiftOffs": [
                1,
                4,
                6,
                7,
                9,
                10,
                14,
                18,
                19,
                24,
                25,
                28,
                29,
                30,
                34,
                36,
                50,
                56,
                57,
                63,
                67,
                73,
                80,
                82
            ],
            "totalNumberOfWorkingShifts": 17
        },
        {
            "id": 72,
            "shiftOffs": [
                5,
                6,
                8,
                9,
                12,
                18,
                19,
                22,
                33,
                35,
                37,
                42,
                48,
                57,
                60,
                62,
                65,
                68,
                76,
                80
            ],
            "totalNumberOfWorkingShifts": 17
        },
        {
            "id": 73,
            "shiftOffs": [
                1,
                3,
                7,
                9,
                13,
                16,
                20,
                23,
                47,
                48,
                51,
                52,
                59,
                60,
                64,
                68,
                70,
                80,
                83,
                84
            ],
            "totalNumberOfWorkingShifts": 17
        },
        {
            "id": 74,
            "shiftOffs": [
                7,
                18,
                22,
                25,
                29,
                35,
                39,
                41,
                50,
                60,
                64,
                67,
                69,
                70,
                72,
                75,
                76,
                80,
                81
            ],
            "totalNumberOfWorkingShifts": 17
        },
        {
            "id": 75,
            "shiftOffs": [
                5,
                9,
                12,
                17,
                19,
                20,
                22,
                24,
                29,
                34,
                37,
                40,
                47,
                58,
                66,
                76,
                83,
                84
            ],
            "totalNumberOfWorkingShifts": 17
        },
        {
            "id": 76,
            "shiftOffs": [
                5,
                10,
                15,
                20,
                25,
                28,
                30,
                33,
                34,
                39,
                51,
                55,
                56,
                57,
                68,
                84
            ],
            "totalNumberOfWorkingShifts": 17
        },
        {
            "id": 77,
            "shiftOffs": [
                6,
                10,
                24,
                27,
                28,
                37,
                39,
                45,
                46,
                47,
                48,
                51,
                58,
                60,
                66,
                79
            ],
            "totalNumberOfWorkingShifts": 17
        },
        {
            "id": 78,
            "shiftOffs": [
                6,
                8,
                23,
                30,
                31,
                33,
                35,
                36,
                38,
                51,
                55,
                63,
                64,
                76,
                80,
                82
            ],
            "totalNumberOfWorkingShifts": 17
        },
        {
            "id": 79,
            "shiftOffs": [
                13,
                14,
                20,
                23,
                28,
                35,
                42,
                48,
                53,
                55,
                60,
                72,
                79,
                80,
                82,
                83
            ],
            "totalNumberOfWorkingShifts": 17
        },
        {
            "id": 80,
            "shiftOffs": [
                4,
                5,
                6,
                7,
                14,
                15,
                19,
                27,
                28,
                31,
                34,
                35,
                43,
                49,
                50,
                51,
                52,
                55,
                66,
                72
            ],
            "totalNumberOfWorkingShifts": 17
        },
        {
            "id": 81,
            "shiftOffs": [
                2,
                3,
                4,
                5,
                11,
                13,
                16,
                17,
                20,
                21,
                23,
                24,
                26,
                40,
                49,
                51,
                54,
                58,
                60,
                63,
                64,
                66,
                68,
                72,
                80
            ],
            "totalNumberOfWorkingShifts": 17
        },
        {
            "id": 82,
            "shiftOffs": [
                3,
                5,
                11,
                21,
                27,
                30,
                31,
                33,
                34,
                36,
                44,
                52,
                71,
                73,
                74,
                78
            ],
            "totalNumberOfWorkingShifts": 17
        },
        {
            "id": 83,
            "shiftOffs": [
                1,
                6,
                9,
                10,
                11,
                12,
                17,
                19,
                21,
                22,
                30,
                34,
                37,
                40,
                60,
                62,
                68,
                69,
                71,
                72,
                83,
                84
            ],
            "totalNumberOfWorkingShifts": 17
        },
        {
            "id": 84,
            "shiftOffs": [
                1,
                4,
                8,
                10,
                12,
                13,
                14,
                18,
                19,
                22,
                34,
                35,
                37,
                39,
                40,
                50,
                54,
                68,
                75,
                78,
                80
            ],
            "totalNumberOfWorkingShifts": 17
        },
        {
            "id": 85,
            "shiftOffs": [
                4,
                9,
                11,
                15,
                23,
                33,
                35,
                38,
                52,
                56,
                57,
                61,
                68,
                70,
                71,
                74
            ],
            "totalNumberOfWorkingShifts": 17
        },
        {
            "id": 86,
            "shiftOffs": [
                1,
                2,
                9,
                16,
                19,
                28,
                30,
                33,
                35,
                36,
                44,
                51,
                52,
                56,
                59,
                81
            ],
            "totalNumberOfWorkingShifts": 17
        },
        {
            "id": 87,
            "shiftOffs": [
                5,
                9,
                12,
                13,
                15,
                17,
                19,
                26,
                30,
                32,
                37,
                38,
                39,
                43,
                47,
                49,
                59,
                60,
                63,
                64,
                67,
                68,
                72,
                78,
                81
            ],
            "totalNumberOfWorkingShifts": 17
        },
        {
            "id": 88,
            "shiftOffs": [
                2,
                3,
                4,
                12,
                14,
                17,
                19,
                24,
                28,
                30,
                34,
                38,
                42,
                47,
                51,
                56,
                68,
                69,
                72,
                74,
                75,
                77,
                80,
                83
            ],
            "totalNumberOfWorkingShifts": 17
        },
        {
            "id": 89,
            "shiftOffs": [
                1,
                4,
                5,
                16,
                22,
                24,
                28,
                34,
                35,
                40,
                41,
                44,
                53,
                54,
                62,
                71,
                72,
                74,
                80,
                81
            ],
            "totalNumberOfWorkingShifts": 17
        },
        {
            "id": 90,
            "shiftOffs": [
                11,
                18,
                25,
                27,
                32,
                40,
                42,
                46,
                53,
                56,
                63,
                64,
                66,
                68,
                69,
                72,
                74,
                78,
                81,
                83
            ],
            "totalNumberOfWorkingShifts": 17
        },
        {
            "id": 91,
            "shiftOffs": [
                4,
                6,
                11,
                13,
                16,
                20,
                22,
                23,
                28,
                40,
                44,
                45,
                46,
                49,
                52,
                53,
                54,
                64,
                73,
                79
            ],
            "totalNumberOfWorkingShifts": 17
        },
        {
            "id": 92,
            "shiftOffs": [
                8,
                13,
                16,
                21,
                22,
                24,
                27,
                29,
                32,
                46,
                48,
                60,
                63,
                67,
                76,
                83,
                84
            ],
            "totalNumberOfWorkingShifts": 17
        },
        {
            "id": 93,
            "shiftOffs": [
                1,
                9,
                14,
                20,
                21,
                27,
                28,
                29,
                43,
                45,
                47,
                48,
                52,
                55,
                60,
                64,
                66,
                68,
                79
            ],
            "totalNumberOfWorkingShifts": 17
        },
        {
            "id": 94,
            "shiftOffs": [
                1,
                8,
                13,
                21,
                22,
                24,
                27,
                31,
                40,
                46,
                56,
                68,
                74,
                78,
                82,
                84
            ],
            "totalNumberOfWorkingShifts": 17
        },
        {
            "id": 95,
            "shiftOffs": [
                6,
                9,
                11,
                21,
                23,
                38,
                42,
                43,
                50,
                51,
                52,
                57,
                59,
                63,
                75,
                77,
                80,
                84
            ],
            "totalNumberOfWorkingShifts": 17
        },
        {
            "id": 96,
            "shiftOffs": [
                6,
                15,
                16,
                24,
                31,
                39,
                43,
                46,
                47,
                50,
                56,
                61,
                63,
                64,
                65,
                66,
                68,
                79,
                84
            ],
            "totalNumberOfWorkingShifts": 17
        },
        {
            "id": 97,
            "shiftOffs": [
                1,
                3,
                7,
                13,
                16,
                18,
                22,
                24,
                31,
                32,
                35,
                36,
                38,
                43,
                44,
                47,
                51,
                52,
                57,
                71,
                76,
                79,
                80,
                83
            ],
            "totalNumberOfWorkingShifts": 17
        },
        {
            "id": 98,
            "shiftOffs": [
                1,
                2,
                5,
                7,
                10,
                20,
                21,
                23,
                25,
                26,
                29,
                35,
                41,
                42,
                43,
                57,
                59,
                65,
                66,
                67,
                77,
                83
            ],
            "totalNumberOfWorkingShifts": 17
        },
        {
            "id": 99,
            "shiftOffs": [
                1,
                4,
                11,
                15,
                19,
                23,
                25,
                27,
                28,
                31,
                35,
                42,
                44,
                46,
                47,
                54,
                57,
                67,
                73,
                75,
                78,
                82
            ],
            "totalNumberOfWorkingShifts": 17
        },
        {
            "id": 100,
            "shiftOffs": [
                3,
                4,
                5,
                11,
                18,
                20,
                28,
                31,
                39,
                49,
                51,
                58,
                59,
                62,
                68,
                69,
                75,
                79,
                84
            ],
            "totalNumberOfWorkingShifts": 17
        }
    ]
}