{
    "id": "D14E100",
    "numberOfEmployees": 100,
    "numberOfDays": 14,
    "shiftTypes": [
        "D",
        "E",
        "N"
    ],
    "minimumWorkingDaysPerPeriod7Days": 2,
    "maximumWorkingDaysPerPeriod7Days": 5,
    "maximumShiftsPerDay": 1,
    "minimumBreakBetween2WorkingShifts": 2,
    "shifts": [
        {
            "id": 1,
            "demand": 11,
            "day": 1,
            "shiftType": "D"
        },
        {
            "id": 2,
            "demand": 20,
            "day": 1,
            "shiftType": "E"
        },
        {
            "id": 3,
            "demand": 11,
            "day": 1,
            "shiftType": "N"
        },
        {
            "id": 4,
            "demand": 12,
            "day": 2,
            "shiftType": "D"
        },
        {
            "id": 5,
            "demand": 19,
            "day": 2,
            "shiftType": "E"
        },
        {
            "id": 6,
            "demand": 15,
            "day": 2,
            "shiftType": "N"
        },
        {
            "id": 7,
            "demand": 16,
            "day": 3,
            "shiftType": "D"
        },
        {
            "id": 8,
            "demand": 12,
            "day": 3,
            "shiftType": "E"
        },
        {
            "id": 9,
            "demand": 20,
            "day": 3,
            "shiftType": "N"
        },
        {
            "id": 10,
            "demand": 13,
            "day": 4,
            "shiftType": "D"
        },
        {
            "id": 11,
            "demand": 12,
            "day": 4,
            "shiftType": "E"
        },
        {
            "id": 12,
            "demand": 12,
            "day": 4,
            "shiftType": "N"
        },
        {
            "id": 13,
            "demand": 11,
            "day": 5,
            "shiftType": "D"
        },
        {
            "id": 14,
            "demand": 15,
            "day": 5,
            "shiftType": "E"
        },
        {
            "id": 15,
            "demand": 20,
            "day": 5,
            "shiftType": "N"
        },
        {
            "id": 16,
            "demand": 20,
            "day": 6,
            "shiftType": "D"
        },
        {
            "id": 17,
            "demand": 15,
            "day": 6,
            "shiftType": "E"
        },
        {
            "id": 18,
            "demand": 10,
            "day": 6,
            "shiftType": "N"
        },
        {
            "id": 19,
            "demand": 15,
            "day": 7,
            "shiftType": "D"
        },
        {
            "id": 20,
            "demand": 17,
            "day": 7,
            "shiftType": "E"
        },
        {
            "id": 21,
            "demand": 13,
            "day": 7,
            "shiftType": "N"
        },
        {
            "id": 22,
            "demand": 14,
            "day": 8,
            "shiftType": "D"
        },
        {
            "id": 23,
            "demand": 18,
            "day": 8,
            "shiftType": "E"
        },
        {
            "id": 24,
            "demand": 19,
            "day": 8,
            "shiftType": "N"
        },
        {
            "id": 25,
            "demand": 14,
            "day": 9,
            "shiftType": "D"
        },
        {
            "id": 26,
            "demand": 10,
            "day": 9,
            "shiftType": "E"
        },
        {
            "id": 27,
            "demand": 16,
            "day": 9,
            "shiftType": "N"
        },
        {
            "id": 28,
            "demand": 13,
            "day": 10,
            "shiftType": "D"
        },
        {
            "id": 29,
            "demand": 12,
            "day": 10,
            "shiftType": "E"
        },
        {
            "id": 30,
            "demand": 14,
            "day": 10,
            "shiftType": "N"
        },
        {
            "id": 31,
            "demand": 17,
            "day": 11,
            "shiftType": "D"
        },
        {
            "id": 32,
            "demand": 10,
            "day": 11,
            "shiftType": "E"
        },
        {
            "id": 33,
            "demand": 10,
            "day": 11,
            "shiftType": "N"
        },
        {
            "id": 34,
            "demand": 11,
            "day": 12,
            "shiftType": "D"
        },
        {
            "id": 35,
            "demand": 11,
            "day": 12,
            "shiftType": "E"
        },
        {
            "id": 36,
            "demand": 13,
            "day": 12,
            "shiftType": "N"
        },
        {
            "id": 37,
            "demand": 14,
            "day": 13,
            "shiftType": "D"
        },
        {
            "id": 38,
            "demand": 20,
            "day": 13,
            "shiftType": "E"
        },
        {
            "id": 39,
            "demand": 18,
            "day": 13,
            "shiftType": "N"
        },
        {
            "id": 40,
            "demand": 18,
            "day": 14,
            "shiftType": "D"
        },
        {
            "id": 41,
            "demand": 17,
            "day": 14,
            "shiftType": "E"
        },
        {
            "id": 42,
            "demand": 15,
            "day": 14,
            "shiftType": "N"
        }
    ],
    "employees": [
        {
            "id": 1,
            "shiftOffs": [
                4,
                5,
                7,
                16,
                17,
                23,
                27,
                28,
                30,
                31,
                32,
                39,
                42
            ],
            "totalNumberOfWorkingShifts": 17
        },
        {
            "id": 2,
            "shiftOffs": [
                8,
                10,
                11,
                13,
                16,
                19,
                22,
                29,
                30,
                31,
                32,
                34,
                35,
                41,
                42
            ],
            "totalNumberOfWorkingShifts": 17
        },
        {
            "id": 3,
            "shiftOffs": [
                3,
                8,
                12,
                14,
                15,
                16,
                29,
                31,
                38,
                39,
                42
            ],
            "totalNumberOfWorkingShifts": 17
        },
        {
            "id": 4,
            "shiftOffs": [
                1,
                5,
                9,
                10,
                12,
                15,
                18,
                23,
                28,
                31,
                34,
                35,
                36
            ],
            "totalNumberOfWorkingShifts": 17
        },
        {
            "id": 5,
            "shiftOffs": [
                1,
                8,
                12,
                13,
                16,
                26,
                27,
                30,
                31,
                34,
                37,
                40,
                42
            ],
            "totalNumberOfWorkingShifts": 17
        },
        {
            "id": 6,
            "shiftOffs": [
                4,
                11,
                14,
                17,
                20,
                21,
                22,
                26,
                29,
                32,
                36,
                38,
                41,
                42
            ],
            "totalNumberOfWorkingShifts": 17
        },
        {
            "id": 7,
            "shiftOffs": [
                2,
                6,
                9,
                11,
                21,
                25,
                28,
                29,
                31,
                32,
                34,
                40
            ],
            "totalNumberOfWorkingShifts": 17
        },
        {
            "id": 8,
            "shiftOffs": [
                1,
                2,
                9,
                10,
                19,
                20,
                24,
                26,
                27,
                28,
                29,
                32,
                34,
                36,
                37
            ],
            "totalNumberOfWorkingShifts": 17
        },
        {
            "id": 9,
            "shiftOffs": [
                1,
                3,
                7,
                9,
                25,
                26,
                29,
                30,
                32,
                33,
                38,
                40,
                41
            ],
            "totalNumberOfWorkingShifts": 17
        },
        {
            "id": 10,
            "shiftOffs": [
                2,
                9,
                12,
                14,
                17,
                26,
                27,
                28,
                29,
                30,
                32,
                34,
                37
            ],
            "totalNumberOfWorkingShifts": 17
        },
        {
            "id": 11,
            "shiftOffs": [
                2,
                6,
                7,
                8,
                12,
                13,
                18,
                22,
                26,
                32,
                38
            ],
            "totalNumberOfWorkingShifts": 17
        },
        {
            "id": 12,
            "shiftOffs": [
                1,
                6,
                9,
                10,
                12,
                16,
                27,
                28,
                31,
                33,
                35,
                37,
                38,
                41
            ],
            "totalNumberOfWorkingShifts": 17
        },
        {
            "id": 13,
            "shiftOffs": [
                2,
                3,
                11,
                18,
                23,
                29,
                32,
                33,
                35,
                37,
                42
            ],
            "totalNumberOfWorkingShifts": 17
        },
        {
            "id": 14,
            "shiftOffs": [
                6,
                9,
                15,
                16,
                21,
                23,
                29,
                33,
                39,
                40,
                41
            ],
            "totalNumberOfWorkingShifts": 17
        },
        {
            "id": 15,
            "shiftOffs": [
                7,
                17,
                18,
                20,
                24,
                29,
                35,
                39,
                41
            ],
            "totalNumberOfWorkingShifts": 17
        },
        {
            "id": 16,
            "shiftOffs": [
                1,
                2,
                4,
                5,
                13,
                24,
                26,
                35
            ],
            "totalNumberOfWorkingShifts": 17
        },
        {
            "id": 17,
            "shiftOffs": [
                2,
                13,
                14,
                15,
                22,
                23,
                27,
                28,
                30,
                31,
                36,
                38,
                39,
                40,
                41,
                42
            ],
            "totalNumberOfWorkingShifts": 17
        },
        {
            "id": 18,
            "shiftOffs": [
                1,
                3,
                10,
                12,
                17,
                19,
                20,
                21,
                22,
                30,
                33,
                35,
                36,
                40
            ],
            "totalNumberOfWorkingShifts": 17
        },
        {
            "id": 19,
            "shiftOffs": [
                2,
                3,
                4,
                11,
                12,
                16,
                18,
                19,
                21,
                24,
                25,
                31,
                34,
                38
            ],
            "totalNumberOfWorkingShifts": 17
        },
        {
            "id": 20,
            "shiftOffs": [
                1,
                2,
                7,
                9,
                14,
                17,
                20,
                21,
                22,
                26,
                27,
                29,
                31,
                36,
                41
            ],
            "totalNumberOfWorkingShifts": 17
        },
        {
            "id": 21,
            "shiftOffs": [
                8,
                13,
                14,
                30,
                33,
                35,
                36,
                37,
                41
            ],
            "totalNumberOfWorkingShifts": 17
        },
        {
            "id": 22,
            "shiftOffs": [
                3,
                16,
                17,
                21,
                22,
                25,
                30,
                31,
                33,
                36,
                38
            ],
            "totalNumberOfWorkingShifts": 17
        },
        {
            "id": 23,
            "shiftOffs": [
                4,
                6,
                8,
                9,
                13,
                14,
                15,
                18,
                28,
                31,
                32,
                39,
                42
            ],
            "totalNumberOfWorkingShifts": 17
        },
        {
            "id": 24,
            "shiftOffs": [
                3,
                4,
                7,
                8,
                9,
                21,
                23,
                26,
                31,
                33,
                40
            ],
            "totalNumberOfWorkingShifts": 17
        },
        {
            "id": 25,
            "shiftOffs": [
                4,
                10,
                13,
                16,
                26,
                28,
                31,
                35,
                42
            ],
            "totalNumberOfWorkingShifts": 17
        },
        {
            "id": 26,
            "shiftOffs": [
                2,
                11,
                13,
                14,
                17,
                30,
                31,
                32,
                34,
                35,
                36,
                37,
                41
            ],
            "totalNumberOfWorkingShifts": 17
        },
        {
            "id": 27,
            "shiftOffs": [
                2,
                3,
                4,
                6,
                8,
                12,
                16,
                20,
                25,
                27,
                30,
                32,
                33,
                34,
                37,
                39
            ],
            "totalNumberOfWorkingShifts": 17
        },
        {
            "id": 28,
            "shiftOffs": [
                3,
                11,
                14,
                18,
                20,
                21,
                22,
                23,
                24,
                25,
                26,
                34,
                37
            ],
            "totalNumberOfWorkingShifts": 17
        },
        {
            "id": 29,
            "shiftOffs": [
                1,
                3,
                4,
                5,
                6,
                12,
                18,
                22,
                23,
                26,
                28,
                30,
                35,
                37,
                40,
                41
            ],
            "totalNumberOfWorkingShifts": 17
        },
        {
            "id": 30,
            "shiftOffs": [
                4,
                6,
                13,
                15,
                16,
                17,
                20,
                27,
                28,
                29,
                30,
                35,
                38,
                39,
                42
            ],
            "totalNumberOfWorkingShifts": 17
        },
        {
            "id": 31,
            "shiftOffs": [
                3,
                9,
                20,
                21,
                24,
                25,
                27,
                33,
                37,
                39,
                41
            ],
            "totalNumberOfWorkingShifts": 17
        },
        {
            "id": 32,
            "shiftOffs": [
                3,
                9,
                10,
                11,
                23,
                24,
                27,
                30,
                31,
                32,
                36,
                38,
                40,
                41
            ],
            "totalNumberOfWorkingShifts": 17
        },
        {
            "id": 33,
            "shiftOffs": [
                16,
                19,
                20,
                25,
                33,
                35,
                36,
                37
            ],
            "totalNumberOfWorkingShifts": 17
        },
        {
            "id": 34,
            "shiftOffs": [
                13,
                18,
                20,
                21,
                23,
                25,
                29,
                37
            ],
            "totalNumberOfWorkingShifts": 17
        },
        {
            "id": 35,
            "shiftOffs": [
                4,
                6,
                7,
                8,
                13,
                15,
                21,
                27,
                29,
                30,
                33,
                35,
                38,
                39,
                42
            ],
            "totalNumberOfWorkingShifts": 17
        },
        {
            "id": 36,
            "shiftOffs": [
                3,
                8,
                9,
                10,
                11,
                15,
                17,
                18,
                19,
                21,
                22,
                26,
                29,
                31,
                35,
                42
            ],
            "totalNumberOfWorkingShifts": 17
        },
        {
            "id": 37,
            "shiftOffs": [
                8,
                10,
                11,
                12,
                13,
                15,
                16,
                22,
                27,
                34,
                37
            ],
            "totalNumberOfWorkingShifts": 17
        },
        {
            "id": 38,
            "shiftOffs": [
                4,
                7,
                8,
                9,
                10,
                13,
                15,
                18,
                19,
                21,
                26,
                33,
                38,
                40
            ],
            "totalNumberOfWorkingShifts": 17
        },
        {
            "id": 39,
            "shiftOffs": [
                1,
                6,
                8,
                12,
                15,
                18,
                19,
                25,
                30
            ],
            "totalNumberOfWorkingShifts": 17
        },
        {
            "id": 40,
            "shiftOffs": [
                3,
                13,
                16,
                18,
                21,
                22,
                27,
                33,
                35,
                36,
                40
            ],
            "totalNumberOfWorkingShifts": 17
        },
        {
            "id": 41,
            "shiftOffs": [
                5,
                7,
                10,
                11,
                12,
                14,
                16,
                19,
                20,
                21,
                26,
                27,
                28,
                38,
                42
            ],
            "totalNumberOfWorkingShifts": 17
        },
        {
            "id": 42,
            "shiftOffs": [
                2,
                6,
                9,
                13,
                17,
                25,
                28,
                33,
                36,
                39
            ],
            "totalNumberOfWorkingShifts": 17
        },
        {
            "id": 43,
            "shiftOffs": [
                2,
                3,
                4,
                5,
                7,
                18,
                20,
                23,
                28,
                30
            ],
            "totalNumberOfWorkingShifts": 17
        },
        {
            "id": 44,
            "shiftOffs": [
                1,
                9,
                10,
                11,
                13,
                21,
                22,
                26,
                31,
                33,
                35,
                37,
                39,
                42
            ],
            "totalNumberOfWorkingShifts": 17
        },
        {
            "id": 45,
            "shiftOffs": [
                3,
                4,
                14,
                15,
                18,
                25,
                26,
                28,
                31,
                33,
                34,
                36,
                37,
                39,
                40,
                42
            ],
            "totalNumberOfWorkingShifts": 17
        },
        {
            "id": 46,
            "shiftOffs": [
                1,
                2,
                3,
                5,
                6,
                7,
                13,
                15,
                18,
                23,
                28,
                29,
                34,
                41
            ],
            "totalNumberOfWorkingShifts": 17
        },
        {
            "id": 47,
            "shiftOffs": [
                1,
                3,
                8,
                10,
                11,
                27,
                34,
                35,
                38
            ],
            "totalNumberOfWorkingShifts": 17
        },
        {
            "id": 48,
            "shiftOffs": [
                9,
                10,
                11,
                13,
                14,
                19,
                20,
                29,
                33,
                36,
                39,
                41
            ],
            "totalNumberOfWorkingShifts": 17
        },
        {
            "id": 49,
            "shiftOffs": [
                12,
                15,
                21,
                24,
                33,
                38,
                41,
                42
            ],
            "totalNumberOfWorkingShifts": 17
        },
        {
            "id": 50,
            "shiftOffs": [
                11,
                12,
                14,
                16,
                22,
                23,
                26,
                29,
                32,
                34,
                37,
                40,
                42
            ],
            "totalNumberOfWorkingShifts": 17
        },
        {
            "id": 51,
            "shiftOffs": [
                4,
                6,
                8,
                16,
                18,
                25,
                26,
                34,
                37,
                39,
                40
            ],
            "totalNumberOfWorkingShifts": 17
        },
        {
            "id": 52,
            "shiftOffs": [
                3,
                7,
                8,
                14,
                15,
                20,
                22,
                28,
                29,
                30,
                40
            ],
            "totalNumberOfWorkingShifts": 17
        },
        {
            "id": 53,
            "shiftOffs": [
                4,
                7,
                22,
                26,
                27,
                30,
                32,
                38,
                41
            ],
            "totalNumberOfWorkingShifts": 17
        },
        {
            "id": 54,
            "shiftOffs": [
                6,
                7,
                9,
                18,
                19,
                20,
                23,
                34,
                38
            ],
            "totalNumberOfWorkingShifts": 17
        },
        {
            "id": 55,
            "shiftOffs": [
                3,
                11,
                16,
                18,
                19,
                23,
                28,
                31,
                34
            ],
            "totalNumberOfWorkingShifts": 17
        },
        {
            "id": 56,
            "shiftOffs": [
                1,
                3,
                7,
                8,
                15,
                16,
                18,
                22,
                24,
                28,
                34,
                38,
                41,
                42
            ],
            "totalNumberOfWorkingShifts": 17
        },
        {
            "id": 57,
            "shiftOffs": [
                1,
                2,
                9,
                14,
                23,
                27,
                36,
                40,
                41
            ],
            "totalNumberOfWorkingShifts": 17
        },
        {
            "id": 58,
            "shiftOffs": [
                1,
                2,
                7,
                8,
                10,
                14,
                19,
                20,
                21,
                29,
                30,
                31,
                41
            ],
            "totalNumberOfWorkingShifts": 17
        },
        {
            "id": 59,
            "shiftOffs": [
                3,
                6,
                12,
                17,
                26,
                29,
                30,
                36,
                38
            ],
            "totalNumberOfWorkingShifts": 17
        },
        {
            "id": 60,
            "shiftOffs": [
                1,
                5,
                9,
                12,
                13,
                18,
                20,
                25,
                27,
                28,
                29,
                40,
                41
            ],
            "totalNumberOfWorkingShifts": 17
        },
        {
            "id": 61,
            "shiftOffs": [
                8,
                10,
                11,
                14,
                19,
                20,
                22,
                25,
                27,
                28,
                32,
                35,
                39,
                41
            ],
            "totalNumberOfWorkingShifts": 17
        },
        {
            "id": 62,
            "shiftOffs": [
                1,
                6,
                7,
                10,
                15,
                21,
                30,
                31,
                33,
                37,
                39,
                42
            ],
            "totalNumberOfWorkingShifts": 17
        },
        {
            "id": 63,
            "shiftOffs": [
                1,
                2,
                3,
                9,
                11,
                19,
                28,
                30,
                32,
                40,
                41
            ],
            "totalNumberOfWorkingShifts": 17
        },
        {
            "id": 64,
            "shiftOffs": [
                3,
                4,
                6,
                8,
                9,
                14,
                16,
                18,
                25,
                32,
                33
            ],
            "totalNumberOfWorkingShifts": 17
        },
        {
            "id": 65,
            "shiftOffs": [
                1,
                2,
                9,
                12,
                13,
                19,
                23,
                26,
                38
            ],
            "totalNumberOfWorkingShifts": 17
        },
        {
            "id": 66,
            "shiftOffs": [
                4,
                10,
                11,
                18,
                21,
                26,
                28,
                35,
                37,
                42
            ],
            "totalNumberOfWorkingShifts": 17
        },
        {
            "id": 67,
            "shiftOffs": [
                4,
                6,
                8,
                9,
                10,
                12,
                13,
                22,
                23,
                25,
                30,
                34,
                35,
                37,
                39
            ],
            "totalNumberOfWorkingShifts": 17
        },
        {
            "id": 68,
            "shiftOffs": [
                13,
                20,
                22,
                25,
                32,
                34,
                35,
                38
            ],
            "totalNumberOfWorkingShifts": 17
        },
        {
            "id": 69,
            "shiftOffs": [
                2,
                10,
                15,
                19,
                22,
                25,
                26,
                28,
                29,
                30,
                31,
                32,
                34,
                35,
                37,
                39
            ],
            "totalNumberOfWorkingShifts": 17
        },
        {
            "id": 70,
            "shiftOffs": [
                6,
                8,
                10,
                13,
                14,
                18,
                22,
                23,
                26,
                36,
                42
            ],
            "totalNumberOfWorkingShifts": 17
        },
        {
            "id": 71,
            "shiftOffs": [
                1,
                13,
                19,
                20,
                21,
                22,
                23,
                24,
                27,
                28,
                30,
                31,
                34,
                36,
                37,
                39
            ],
            "totalNumberOfWorkingShifts": 17
        },
        {
            "id": 72,
            "shiftOffs": [
                4,
                10,
                12,
                15,
                16,
                17,
                29,
                37
            ],
            "totalNumberOfWorkingShifts": 17
        },
        {
            "id": 73,
            "shiftOffs": [
                10,
                12,
                16,
                17,
                20,
                24,
                26,
                32,
                33,
                36,
                39,
                41,
                42
            ],
            "totalNumberOfWorkingShifts": 17
        },
        {
            "id": 74,
            "shiftOffs": [
                2,
                4,
                5,
                11,
                18,
                19,
                21,
                24,
                26,
                29,
                31,
                32,
                34,
                37,
                40
            ],
            "totalNumberOfWorkingShifts": 17
        },
        {
            "id": 75,
            "shiftOffs": [
                1,
                5,
                23,
                25,
                27,
                28,
                31,
                34,
                38,
                39,
                42
            ],
            "totalNumberOfWorkingShifts": 17
        },
        {
            "id": 76,
            "shiftOffs": [
                4,
                10,
                13,
                15,
                19,
                21,
                23,
                26,
                32,
                33,
                37
            ],
            "totalNumberOfWorkingShifts": 17
        },
        {
            "id": 77,
            "shiftOffs": [
                3,
                7,
                10,
                15,
                16,
                17,
                24,
                28,
                35,
                37,
                42
            ],
            "totalNumberOfWorkingShifts": 17
        },
        {
            "id": 78,
            "shiftOffs": [
                6,
                12,
                14,
                16,
                20,
                27,
                28,
                34,
                35,
                40,
                42
            ],
            "totalNumberOfWorkingShifts": 17
        },
        {
            "id": 79,
            "shiftOffs": [
                14,
                19,
                20,
                23,
                28,
                35,
                37,
                39,
                40
            ],
            "totalNumberOfWorkingShifts": 17
        },
        {
            "id": 80,
            "shiftOffs": [
                1,
                5,
                10,
                12,
                14,
                17,
                20,
                22,
                39
            ],
            "totalNumberOfWorkingShifts": 17
        },
        {
            "id": 81,
            "shiftOffs": [
                5,
                7,
                10,
                11,
                17,
                22,
                25,
                27,
                28,
                33,
                35,
                36,
                37,
                38,
                41,
                42
            ],
            "totalNumberOfWorkingShifts": 17
        },
        {
            "id": 82,
            "shiftOffs": [
                1,
                3,
                4,
                6,
                11,
                19,
                24,
                25,
                27,
                31,
                32,
                33,
                38
            ],
            "totalNumberOfWorkingShifts": 17
        },
        {
            "id": 83,
            "shiftOffs": [
                2,
                7,
                8,
                10,
                11,
                18,
                22,
                24,
                26,
                28,
                32,
                33,
                39
            ],
            "totalNumberOfWorkingShifts": 17
        },
        {
            "id": 84,
            "shiftOffs": [
                9,
                15,
                16,
                18,
                20,
                27,
                28,
                29,
                32,
                36,
                38
            ],
            "totalNumberOfWorkingShifts": 17
        },
        {
            "id": 85,
            "shiftOffs": [
                6,
                7,
                8,
                12,
                15,
                17,
                19,
                29,
                35
            ],
            "totalNumberOfWorkingShifts": 17
        },
        {
            "id": 86,
            "shiftOffs": [
                3,
                5,
                7,
                9,
                22,
                23,
                24,
                25,
                26,
                28,
                33,
                35,
                38,
                39,
                40,
                41
            ],
            "totalNumberOfWorkingShifts": 17
        },
        {
            "id": 87,
            "shiftOffs": [
                1,
                6,
                7,
                14,
                17,
                20,
                21,
                27,
                28,
                30,
                34,
                38,
                40,
                41
            ],
            "totalNumberOfWorkingShifts": 17
        },
        {
            "id": 88,
            "shiftOffs": [
                16,
                20,
                22,
                24,
                25,
                28,
                31,
                34,
                36,
                38,
                42
            ],
            "totalNumberOfWorkingShifts": 17
        },
        {
            "id": 89,
            "shiftOffs": [
                2,
                14,
                16,
                18,
                19,
                20,
                32,
                37
            ],
            "totalNumberOfWorkingShifts": 17
        },
        {
            "id": 90,
            "shiftOffs": [
                2,
                3,
                10,
                12,
                17,
                23,
                27,
                29,
                31
            ],
            "totalNumberOfWorkingShifts": 17
        },
        {
            "id": 91,
            "shiftOffs": [
                1,
                4,
                7,
                10,
                17,
                22,
                23,
                38
            ],
            "totalNumberOfWorkingShifts": 17
        },
        {
            "id": 92,
            "shiftOffs": [
                2,
                5,
                6,
                7,
                20,
                23,
                26,
                28
            ],
            "totalNumberOfWorkingShifts": 17
        },
        {
            "id": 93,
            "shiftOffs": [
                3,
                6,
                8,
                13,
                14,
                17,
                18,
                21,
                24,
                27,
                30,
                31,
                36,
                40
            ],
            "totalNumberOfWorkingShifts": 17
        },
        {
            "id": 94,
            "shiftOffs": [
                1,
                2,
                3,
                4,
                5,
                7,
                8,
                16,
                20,
                21,
                29,
                32,
                34,
                36,
                39
            ],
            "totalNumberOfWorkingShifts": 17
        },
        {
            "id": 95,
            "shiftOffs": [
                1,
                3,
                11,
                12,
                20,
                22,
                29,
                31,
                37,
                38
            ],
            "totalNumberOfWorkingShifts": 17
        },
        {
            "id": 96,
            "shiftOffs": [
                2,
                8,
                9,
                17,
                18,
                19,
                21,
                27,
                30,
                33,
                34,
                37,
                38,
                40,
                42
            ],
            "totalNumberOfWorkingShifts": 17
        },
        {
            "id": 97,
            "shiftOffs": [
                4,
                8,
                18,
                20,
                22,
                24,
                27,
                29,
                40
            ],
            "totalNumberOfWorkingShifts": 17
        },
        {
            "id": 98,
            "shiftOffs": [
                3,
                5,
                7,
                11,
                12,
                13,
                20,
                27,
                40
            ],
            "totalNumberOfWorkingShifts": 17
        },
        {
            "id": 99,
            "shiftOffs": [
                1,
                14,
                18,
                19,
                20,
                23,
                24,
                26,
                39,
                41
            ],
            "totalNumberOfWorkingShifts": 17
        },
        {
            "id": 100,
            "shiftOffs": [
                3,
                4,
                5,
                6,
                10,
                13,
                21,
                26,
                30,
                33,
                40
            ],
            "totalNumberOfWorkingShifts": 17
        }
    ]
}