{
    "id": "D1E20",
    "numberOfDays": 1,
    "shiftTypes": [
        "D",
        "E",
        "N"
    ],
    "minimumConsecutiveShiftsConstraints": [
        {
            "numberOfConsecutiveShifts": 21,
            "minimumNumberOfShifts": 2
        }
    ],
    "maximumConsecutiveShiftsConstraints": [
        {
            "numberOfConsecutiveShifts": 21,
            "maximumNumberOfShifts": 5
        },
        {
            "numberOfConsecutiveShifts": 3,
            "maximumNumberOfShifts": 1
        }
    ],
    "shifts": [
        {
            "id": 1,
            "demand": 11,
            "day": 1,
            "shiftType": "E"
        },
        {
            "id": 2,
            "demand": 12,
            "day": 1,
            "shiftType": "N"
        },
        {
            "id": 3,
            "demand": 10,
            "day": 1,
            "shiftType": "D"
        }
    ],
    "employees": [
        {
            "id": 1,
            "totalNumberOfWorkingShifts": 17
        },
        {
            "id": 2,
            "totalNumberOfWorkingShifts": 17
        },
        {
            "id": 3,
            "totalNumberOfWorkingShifts": 17
        },
        {
            "id": 4,
            "totalNumberOfWorkingShifts": 17
        },
        {
            "id": 5,
            "totalNumberOfWorkingShifts": 17
        },
        {
            "id": 6,
            "totalNumberOfWorkingShifts": 17
        },
        {
            "id": 7,
            "totalNumberOfWorkingShifts": 17
        },
        {
            "id": 8,
            "totalNumberOfWorkingShifts": 17
        },
        {
            "id": 9,
            "totalNumberOfWorkingShifts": 17
        },
        {
            "id": 10,
            "totalNumberOfWorkingShifts": 17
        },
        {
            "id": 11,
            "totalNumberOfWorkingShifts": 17
        },
        {
            "id": 12,
            "totalNumberOfWorkingShifts": 17
        },
        {
            "id": 13,
            "totalNumberOfWorkingShifts": 17
        },
        {
            "id": 14,
            "totalNumberOfWorkingShifts": 17
        },
        {
            "id": 15,
            "totalNumberOfWorkingShifts": 17
        },
        {
            "id": 16,
            "totalNumberOfWorkingShifts": 17
        },
        {
            "id": 17,
            "totalNumberOfWorkingShifts": 17
        },
        {
            "id": 18,
            "totalNumberOfWorkingShifts": 17
        },
        {
            "id": 19,
            "totalNumberOfWorkingShifts": 17
        },
        {
            "id": 20,
            "totalNumberOfWorkingShifts": 17
        }
    ]
}