{
    "id": "D14E20",
    "numberOfEmployees": 20,
    "numberOfDays": 14,
    "shiftTypes": [
        "D",
        "E",
        "N"
    ],
    "minimumWorkingDaysPerPeriod7Days": 2,
    "maximumWorkingDaysPerPeriod7Days": 5,
    "maximumShiftsPerDay": 1,
    "minimumBreakBetween2WorkingShifts": 2,
    "shifts": [
        {
            "id": 1,
            "demand": 6,
            "day": 1,
            "shiftType": "D"
        },
        {
            "id": 2,
            "demand": 6,
            "day": 1,
            "shiftType": "E"
        },
        {
            "id": 3,
            "demand": 6,
            "day": 1,
            "shiftType": "N"
        },
        {
            "id": 4,
            "demand": 6,
            "day": 2,
            "shiftType": "D"
        },
        {
            "id": 5,
            "demand": 6,
            "day": 2,
            "shiftType": "E"
        },
        {
            "id": 6,
            "demand": 6,
            "day": 2,
            "shiftType": "N"
        },
        {
            "id": 7,
            "demand": 6,
            "day": 3,
            "shiftType": "D"
        },
        {
            "id": 8,
            "demand": 6,
            "day": 3,
            "shiftType": "E"
        },
        {
            "id": 9,
            "demand": 6,
            "day": 3,
            "shiftType": "N"
        },
        {
            "id": 10,
            "demand": 6,
            "day": 4,
            "shiftType": "D"
        },
        {
            "id": 11,
            "demand": 6,
            "day": 4,
            "shiftType": "E"
        },
        {
            "id": 12,
            "demand": 6,
            "day": 4,
            "shiftType": "N"
        },
        {
            "id": 13,
            "demand": 6,
            "day": 5,
            "shiftType": "D"
        },
        {
            "id": 14,
            "demand": 6,
            "day": 5,
            "shiftType": "E"
        },
        {
            "id": 15,
            "demand": 6,
            "day": 5,
            "shiftType": "N"
        },
        {
            "id": 16,
            "demand": 6,
            "day": 6,
            "shiftType": "D"
        },
        {
            "id": 17,
            "demand": 6,
            "day": 6,
            "shiftType": "E"
        },
        {
            "id": 18,
            "demand": 6,
            "day": 6,
            "shiftType": "N"
        },
        {
            "id": 19,
            "demand": 6,
            "day": 7,
            "shiftType": "D"
        },
        {
            "id": 20,
            "demand": 6,
            "day": 7,
            "shiftType": "E"
        },
        {
            "id": 21,
            "demand": 6,
            "day": 7,
            "shiftType": "N"
        },
        {
            "id": 22,
            "demand": 6,
            "day": 8,
            "shiftType": "D"
        },
        {
            "id": 23,
            "demand": 6,
            "day": 8,
            "shiftType": "E"
        },
        {
            "id": 24,
            "demand": 6,
            "day": 8,
            "shiftType": "N"
        },
        {
            "id": 25,
            "demand": 6,
            "day": 9,
            "shiftType": "D"
        },
        {
            "id": 26,
            "demand": 6,
            "day": 9,
            "shiftType": "E"
        },
        {
            "id": 27,
            "demand": 6,
            "day": 9,
            "shiftType": "N"
        },
        {
            "id": 28,
            "demand": 6,
            "day": 10,
            "shiftType": "D"
        },
        {
            "id": 29,
            "demand": 6,
            "day": 10,
            "shiftType": "E"
        },
        {
            "id": 30,
            "demand": 6,
            "day": 10,
            "shiftType": "N"
        },
        {
            "id": 31,
            "demand": 6,
            "day": 11,
            "shiftType": "D"
        },
        {
            "id": 32,
            "demand": 6,
            "day": 11,
            "shiftType": "E"
        },
        {
            "id": 33,
            "demand": 6,
            "day": 11,
            "shiftType": "N"
        },
        {
            "id": 34,
            "demand": 6,
            "day": 12,
            "shiftType": "D"
        },
        {
            "id": 35,
            "demand": 6,
            "day": 12,
            "shiftType": "E"
        },
        {
            "id": 36,
            "demand": 6,
            "day": 12,
            "shiftType": "N"
        },
        {
            "id": 37,
            "demand": 6,
            "day": 13,
            "shiftType": "D"
        },
        {
            "id": 38,
            "demand": 6,
            "day": 13,
            "shiftType": "E"
        },
        {
            "id": 39,
            "demand": 6,
            "day": 13,
            "shiftType": "N"
        },
        {
            "id": 40,
            "demand": 6,
            "day": 14,
            "shiftType": "D"
        },
        {
            "id": 41,
            "demand": 6,
            "day": 14,
            "shiftType": "E"
        },
        {
            "id": 42,
            "demand": 6,
            "day": 14,
            "shiftType": "N"
        }
    ],
    "employees": [
        {
            "id": 1,
            "shiftOffs": [
                6,
                7,
                14,
                16,
                28,
                35
            ],
            "totalNumberOfWorkingShifts": 17
        },
        {
            "id": 2,
            "shiftOffs": [
                3,
                11,
                23,
                29,
                35,
                37
            ],
            "totalNumberOfWorkingShifts": 17
        },
        {
            "id": 3,
            "shiftOffs": [
                3,
                12,
                21,
                26,
                35,
                42
            ],
            "totalNumberOfWorkingShifts": 17
        },
        {
            "id": 4,
            "shiftOffs": [
                7,
                12,
                13,
                25,
                38
            ],
            "totalNumberOfWorkingShifts": 17
        },
        {
            "id": 5,
            "shiftOffs": [
                3,
                6,
                7,
                8,
                9,
                12,
                23,
                41
            ],
            "totalNumberOfWorkingShifts": 17
        },
        {
            "id": 6,
            "shiftOffs": [
                8,
                10,
                12,
                25,
                31,
                35
            ],
            "totalNumberOfWorkingShifts": 17
        },
        {
            "id": 7,
            "shiftOffs": [
                10,
                20,
                22,
                23,
                27,
                33
            ],
            "totalNumberOfWorkingShifts": 17
        },
        {
            "id": 8,
            "shiftOffs": [
                14,
                15,
                19,
                36
            ],
            "totalNumberOfWorkingShifts": 17
        },
        {
            "id": 9,
            "shiftOffs": [
                10,
                12,
                33,
                40
            ],
            "totalNumberOfWorkingShifts": 17
        },
        {
            "id": 10,
            "shiftOffs": [
                2,
                10,
                27,
                41
            ],
            "totalNumberOfWorkingShifts": 17
        },
        {
            "id": 11,
            "shiftOffs": [
                8,
                9,
                28,
                32,
                33,
                40
            ],
            "totalNumberOfWorkingShifts": 17
        },
        {
            "id": 12,
            "shiftOffs": [
                2,
                15,
                21,
                23,
                30,
                41
            ],
            "totalNumberOfWorkingShifts": 17
        },
        {
            "id": 13,
            "shiftOffs": [
                12,
                21,
                25,
                26,
                38,
                40
            ],
            "totalNumberOfWorkingShifts": 17
        },
        {
            "id": 14,
            "shiftOffs": [
                3,
                4,
                9,
                20,
                27
            ],
            "totalNumberOfWorkingShifts": 17
        },
        {
            "id": 15,
            "shiftOffs": [
                3,
                14,
                23,
                29,
                32,
                39,
                40
            ],
            "totalNumberOfWorkingShifts": 17
        },
        {
            "id": 16,
            "shiftOffs": [
                3,
                8,
                11,
                18,
                24,
                30
            ],
            "totalNumberOfWorkingShifts": 17
        },
        {
            "id": 17,
            "shiftOffs": [
                7,
                11,
                19,
                24,
                34,
                35,
                41
            ],
            "totalNumberOfWorkingShifts": 17
        },
        {
            "id": 18,
            "shiftOffs": [
                2,
                5,
                7,
                10,
                15,
                17,
                28
            ],
            "totalNumberOfWorkingShifts": 17
        },
        {
            "id": 19,
            "shiftOffs": [
                2,
                10,
                22,
                31
            ],
            "totalNumberOfWorkingShifts": 17
        },
        {
            "id": 20,
            "shiftOffs": [
                1,
                5,
                12,
                18,
                24,
                34,
                36,
                37
            ],
            "totalNumberOfWorkingShifts": 17
        }
    ]
}