{
    "id": "D14E20",
    "numberOfEmployees": 20,
    "numberOfDays": 14,
    "shiftTypes": [
        "D",
        "E",
        "N"
    ],
    "minimumWorkingDaysPerPeriod7Days": 2,
    "maximumWorkingDaysPerPeriod7Days": 5,
    "maximumShiftsPerDay": 1,
    "minimumBreakBetween2WorkingShifts": 2,
    "shifts": [
        {
            "id": 1,
            "demand": 2,
            "day": 1,
            "shiftType": "D"
        },
        {
            "id": 2,
            "demand": 3,
            "day": 1,
            "shiftType": "E"
        },
        {
            "id": 3,
            "demand": 4,
            "day": 1,
            "shiftType": "N"
        },
        {
            "id": 4,
            "demand": 2,
            "day": 2,
            "shiftType": "D"
        },
        {
            "id": 5,
            "demand": 2,
            "day": 2,
            "shiftType": "E"
        },
        {
            "id": 6,
            "demand": 4,
            "day": 2,
            "shiftType": "N"
        },
        {
            "id": 7,
            "demand": 3,
            "day": 3,
            "shiftType": "D"
        },
        {
            "id": 8,
            "demand": 3,
            "day": 3,
            "shiftType": "E"
        },
        {
            "id": 9,
            "demand": 2,
            "day": 3,
            "shiftType": "N"
        },
        {
            "id": 10,
            "demand": 2,
            "day": 4,
            "shiftType": "D"
        },
        {
            "id": 11,
            "demand": 2,
            "day": 4,
            "shiftType": "E"
        },
        {
            "id": 12,
            "demand": 4,
            "day": 4,
            "shiftType": "N"
        },
        {
            "id": 13,
            "demand": 3,
            "day": 5,
            "shiftType": "D"
        },
        {
            "id": 14,
            "demand": 4,
            "day": 5,
            "shiftType": "E"
        },
        {
            "id": 15,
            "demand": 3,
            "day": 5,
            "shiftType": "N"
        },
        {
            "id": 16,
            "demand": 4,
            "day": 6,
            "shiftType": "D"
        },
        {
            "id": 17,
            "demand": 4,
            "day": 6,
            "shiftType": "E"
        },
        {
            "id": 18,
            "demand": 3,
            "day": 6,
            "shiftType": "N"
        },
        {
            "id": 19,
            "demand": 3,
            "day": 7,
            "shiftType": "D"
        },
        {
            "id": 20,
            "demand": 4,
            "day": 7,
            "shiftType": "E"
        },
        {
            "id": 21,
            "demand": 2,
            "day": 7,
            "shiftType": "N"
        },
        {
            "id": 22,
            "demand": 2,
            "day": 8,
            "shiftType": "D"
        },
        {
            "id": 23,
            "demand": 3,
            "day": 8,
            "shiftType": "E"
        },
        {
            "id": 24,
            "demand": 4,
            "day": 8,
            "shiftType": "N"
        },
        {
            "id": 25,
            "demand": 3,
            "day": 9,
            "shiftType": "D"
        },
        {
            "id": 26,
            "demand": 3,
            "day": 9,
            "shiftType": "E"
        },
        {
            "id": 27,
            "demand": 3,
            "day": 9,
            "shiftType": "N"
        },
        {
            "id": 28,
            "demand": 2,
            "day": 10,
            "shiftType": "D"
        },
        {
            "id": 29,
            "demand": 4,
            "day": 10,
            "shiftType": "E"
        },
        {
            "id": 30,
            "demand": 2,
            "day": 10,
            "shiftType": "N"
        },
        {
            "id": 31,
            "demand": 3,
            "day": 11,
            "shiftType": "D"
        },
        {
            "id": 32,
            "demand": 3,
            "day": 11,
            "shiftType": "E"
        },
        {
            "id": 33,
            "demand": 2,
            "day": 11,
            "shiftType": "N"
        },
        {
            "id": 34,
            "demand": 4,
            "day": 12,
            "shiftType": "D"
        },
        {
            "id": 35,
            "demand": 3,
            "day": 12,
            "shiftType": "E"
        },
        {
            "id": 36,
            "demand": 3,
            "day": 12,
            "shiftType": "N"
        },
        {
            "id": 37,
            "demand": 4,
            "day": 13,
            "shiftType": "D"
        },
        {
            "id": 38,
            "demand": 2,
            "day": 13,
            "shiftType": "E"
        },
        {
            "id": 39,
            "demand": 2,
            "day": 13,
            "shiftType": "N"
        },
        {
            "id": 40,
            "demand": 3,
            "day": 14,
            "shiftType": "D"
        },
        {
            "id": 41,
            "demand": 4,
            "day": 14,
            "shiftType": "E"
        },
        {
            "id": 42,
            "demand": 2,
            "day": 14,
            "shiftType": "N"
        }
    ],
    "employees": [
        {
            "id": 1,
            "shiftOffs": [
                4,
                9,
                12,
                15,
                16,
                19,
                23,
                25,
                33,
                34,
                36,
                38,
                40,
                41
            ],
            "totalNumberOfWorkingShifts": 17
        },
        {
            "id": 2,
            "shiftOffs": [
                6,
                7,
                8,
                9,
                11,
                21,
                27,
                31,
                34,
                38,
                39,
                40
            ],
            "totalNumberOfWorkingShifts": 17
        },
        {
            "id": 3,
            "shiftOffs": [
                2,
                7,
                10,
                17,
                27,
                33,
                34,
                38,
                40,
                41
            ],
            "totalNumberOfWorkingShifts": 17
        },
        {
            "id": 4,
            "shiftOffs": [
                1,
                2,
                4,
                5,
                7,
                10,
                14,
                17,
                19,
                21,
                23,
                25,
                26,
                29,
                30,
                32,
                33,
                34,
                36,
                37,
                42
            ],
            "totalNumberOfWorkingShifts": 17
        },
        {
            "id": 5,
            "shiftOffs": [
                1,
                4,
                6,
                11,
                13,
                21,
                23,
                24,
                28,
                29,
                31,
                35,
                38,
                39,
                40
            ],
            "totalNumberOfWorkingShifts": 17
        },
        {
            "id": 6,
            "shiftOffs": [
                2,
                8,
                10,
                26,
                27,
                30,
                37,
                38
            ],
            "totalNumberOfWorkingShifts": 17
        },
        {
            "id": 7,
            "shiftOffs": [
                3,
                5,
                6,
                8,
                10,
                12,
                14,
                15,
                18,
                20,
                23,
                24,
                25,
                29,
                41,
                42
            ],
            "totalNumberOfWorkingShifts": 17
        },
        {
            "id": 8,
            "shiftOffs": [
                1,
                3,
                7,
                8,
                9,
                15,
                22,
                24,
                27,
                30,
                31,
                35,
                41
            ],
            "totalNumberOfWorkingShifts": 17
        },
        {
            "id": 9,
            "shiftOffs": [
                1,
                4,
                5,
                6,
                8,
                12,
                14,
                19,
                20,
                28,
                29,
                31,
                33,
                34,
                35,
                39,
                40
            ],
            "totalNumberOfWorkingShifts": 17
        },
        {
            "id": 10,
            "shiftOffs": [
                1,
                6,
                10,
                12,
                16,
                20,
                22,
                23,
                26,
                27,
                30,
                34,
                35,
                36,
                39,
                41,
                42
            ],
            "totalNumberOfWorkingShifts": 17
        },
        {
            "id": 11,
            "shiftOffs": [
                1,
                7,
                9,
                10,
                11,
                13,
                15,
                17,
                23,
                24,
                28,
                31,
                33,
                36,
                37,
                39,
                40,
                41
            ],
            "totalNumberOfWorkingShifts": 17
        },
        {
            "id": 12,
            "shiftOffs": [
                1,
                2,
                6,
                11,
                12,
                15,
                19,
                21,
                22,
                27,
                28,
                30,
                31,
                32,
                37,
                38,
                40,
                41,
                42
            ],
            "totalNumberOfWorkingShifts": 17
        },
        {
            "id": 13,
            "shiftOffs": [
                2,
                5,
                13,
                14,
                16,
                17,
                20,
                21,
                23,
                29,
                30,
                31,
                35,
                38,
                39,
                40
            ],
            "totalNumberOfWorkingShifts": 17
        },
        {
            "id": 14,
            "shiftOffs": [
                1,
                2,
                5,
                10,
                12,
                13,
                15,
                18,
                20,
                25,
                26,
                29,
                31,
                34,
                35,
                37
            ],
            "totalNumberOfWorkingShifts": 17
        },
        {
            "id": 15,
            "shiftOffs": [
                11,
                13,
                16,
                24,
                28,
                29,
                31,
                34,
                35,
                36,
                39
            ],
            "totalNumberOfWorkingShifts": 17
        },
        {
            "id": 16,
            "shiftOffs": [
                1,
                10,
                16,
                20,
                23,
                27,
                38,
                40,
                42
            ],
            "totalNumberOfWorkingShifts": 17
        },
        {
            "id": 17,
            "shiftOffs": [
                2,
                4,
                5,
                8,
                11,
                14,
                15,
                16,
                18,
                24,
                25,
                26,
                30,
                33,
                35,
                37,
                38,
                39,
                42
            ],
            "totalNumberOfWorkingShifts": 17
        },
        {
            "id": 18,
            "shiftOffs": [
                2,
                5,
                6,
                7,
                8,
                9,
                10,
                11,
                16,
                18,
                19,
                20,
                22,
                23,
                27,
                31,
                32,
                36,
                40,
                41
            ],
            "totalNumberOfWorkingShifts": 17
        },
        {
            "id": 19,
            "shiftOffs": [
                3,
                4,
                6,
                9,
                10,
                11,
                16,
                17,
                21,
                22,
                27,
                28,
                29,
                30,
                32,
                34,
                37,
                39,
                40,
                41,
                42
            ],
            "totalNumberOfWorkingShifts": 17
        },
        {
            "id": 20,
            "shiftOffs": [
                4,
                7,
                8,
                9,
                11,
                13,
                17,
                21,
                22,
                23,
                30,
                31,
                34,
                37,
                38
            ],
            "totalNumberOfWorkingShifts": 17
        }
    ]
}