{
    "id": "D28E50",
    "numberOfDays": 28,
    "shiftTypes": [
        "D",
        "E",
        "N"
    ],
    "minimumConsecutiveShiftsConstraints": [
        {
            "numberOfConsecutiveShifts": 21,
            "minimumNumberOfShifts": 2
        }
    ],
    "maximumConsecutiveShiftsConstraints": [
        {
            "numberOfConsecutiveShifts": 21,
            "maximumNumberOfShifts": 5
        },
        {
            "numberOfConsecutiveShifts": 3,
            "maximumNumberOfShifts": 1
        }
    ],
    "shifts": [
        {
            "id": 1,
            "demand": 6,
            "day": 2,
            "shiftType": "E"
        },
        {
            "id": 2,
            "demand": 7,
            "day": 3,
            "shiftType": "N"
        },
        {
            "id": 3,
            "demand": 8,
            "day": 4,
            "shiftType": "D"
        },
        {
            "id": 4,
            "demand": 9,
            "day": 5,
            "shiftType": "E"
        },
        {
            "id": 5,
            "demand": 10,
            "day": 6,
            "shiftType": "N"
        },
        {
            "id": 6,
            "demand": 5,
            "day": 7,
            "shiftType": "D"
        },
        {
            "id": 7,
            "demand": 6,
            "day": 8,
            "shiftType": "E"
        },
        {
            "id": 8,
            "demand": 7,
            "day": 9,
            "shiftType": "N"
        },
        {
            "id": 9,
            "demand": 8,
            "day": 10,
            "shiftType": "D"
        },
        {
            "id": 10,
            "demand": 9,
            "day": 11,
            "shiftType": "E"
        },
        {
            "id": 11,
            "demand": 10,
            "day": 12,
            "shiftType": "N"
        },
        {
            "id": 12,
            "demand": 5,
            "day": 13,
            "shiftType": "D"
        },
        {
            "id": 13,
            "demand": 6,
            "day": 14,
            "shiftType": "E"
        },
        {
            "id": 14,
            "demand": 7,
            "day": 15,
            "shiftType": "N"
        },
        {
            "id": 15,
            "demand": 8,
            "day": 16,
            "shiftType": "D"
        },
        {
            "id": 16,
            "demand": 9,
            "day": 17,
            "shiftType": "E"
        },
        {
            "id": 17,
            "demand": 10,
            "day": 18,
            "shiftType": "N"
        },
        {
            "id": 18,
            "demand": 5,
            "day": 19,
            "shiftType": "D"
        },
        {
            "id": 19,
            "demand": 6,
            "day": 20,
            "shiftType": "E"
        },
        {
            "id": 20,
            "demand": 7,
            "day": 21,
            "shiftType": "N"
        },
        {
            "id": 21,
            "demand": 8,
            "day": 22,
            "shiftType": "D"
        },
        {
            "id": 22,
            "demand": 9,
            "day": 23,
            "shiftType": "E"
        },
        {
            "id": 23,
            "demand": 10,
            "day": 24,
            "shiftType": "N"
        },
        {
            "id": 24,
            "demand": 5,
            "day": 25,
            "shiftType": "D"
        },
        {
            "id": 25,
            "demand": 6,
            "day": 26,
            "shiftType": "E"
        },
        {
            "id": 26,
            "demand": 7,
            "day": 27,
            "shiftType": "N"
        },
        {
            "id": 27,
            "demand": 8,
            "day": 28,
            "shiftType": "D"
        },
        {
            "id": 28,
            "demand": 9,
            "day": 1,
            "shiftType": "E"
        },
        {
            "id": 29,
            "demand": 10,
            "day": 2,
            "shiftType": "N"
        },
        {
            "id": 30,
            "demand": 5,
            "day": 3,
            "shiftType": "D"
        },
        {
            "id": 31,
            "demand": 6,
            "day": 4,
            "shiftType": "E"
        },
        {
            "id": 32,
            "demand": 7,
            "day": 5,
            "shiftType": "N"
        },
        {
            "id": 33,
            "demand": 8,
            "day": 6,
            "shiftType": "D"
        },
        {
            "id": 34,
            "demand": 9,
            "day": 7,
            "shiftType": "E"
        },
        {
            "id": 35,
            "demand": 10,
            "day": 8,
            "shiftType": "N"
        },
        {
            "id": 36,
            "demand": 5,
            "day": 9,
            "shiftType": "D"
        },
        {
            "id": 37,
            "demand": 6,
            "day": 10,
            "shiftType": "E"
        },
        {
            "id": 38,
            "demand": 7,
            "day": 11,
            "shiftType": "N"
        },
        {
            "id": 39,
            "demand": 8,
            "day": 12,
            "shiftType": "D"
        },
        {
            "id": 40,
            "demand": 9,
            "day": 13,
            "shiftType": "E"
        },
        {
            "id": 41,
            "demand": 10,
            "day": 14,
            "shiftType": "N"
        },
        {
            "id": 42,
            "demand": 5,
            "day": 15,
            "shiftType": "D"
        },
        {
            "id": 43,
            "demand": 6,
            "day": 16,
            "shiftType": "E"
        },
        {
            "id": 44,
            "demand": 7,
            "day": 17,
            "shiftType": "N"
        },
        {
            "id": 45,
            "demand": 8,
            "day": 18,
            "shiftType": "D"
        },
        {
            "id": 46,
            "demand": 9,
            "day": 19,
            "shiftType": "E"
        },
        {
            "id": 47,
            "demand": 10,
            "day": 20,
            "shiftType": "N"
        },
        {
            "id": 48,
            "demand": 5,
            "day": 21,
            "shiftType": "D"
        },
        {
            "id": 49,
            "demand": 6,
            "day": 22,
            "shiftType": "E"
        },
        {
            "id": 50,
            "demand": 7,
            "day": 23,
            "shiftType": "N"
        },
        {
            "id": 51,
            "demand": 8,
            "day": 24,
            "shiftType": "D"
        },
        {
            "id": 52,
            "demand": 9,
            "day": 25,
            "shiftType": "E"
        },
        {
            "id": 53,
            "demand": 10,
            "day": 26,
            "shiftType": "N"
        },
        {
            "id": 54,
            "demand": 5,
            "day": 27,
            "shiftType": "D"
        },
        {
            "id": 55,
            "demand": 6,
            "day": 28,
            "shiftType": "E"
        },
        {
            "id": 56,
            "demand": 7,
            "day": 1,
            "shiftType": "N"
        },
        {
            "id": 57,
            "demand": 8,
            "day": 2,
            "shiftType": "D"
        },
        {
            "id": 58,
            "demand": 9,
            "day": 3,
            "shiftType": "E"
        },
        {
            "id": 59,
            "demand": 10,
            "day": 4,
            "shiftType": "N"
        },
        {
            "id": 60,
            "demand": 5,
            "day": 5,
            "shiftType": "D"
        },
        {
            "id": 61,
            "demand": 6,
            "day": 6,
            "shiftType": "E"
        },
        {
            "id": 62,
            "demand": 7,
            "day": 7,
            "shiftType": "N"
        },
        {
            "id": 63,
            "demand": 8,
            "day": 8,
            "shiftType": "D"
        },
        {
            "id": 64,
            "demand": 9,
            "day": 9,
            "shiftType": "E"
        },
        {
            "id": 65,
            "demand": 10,
            "day": 10,
            "shiftType": "N"
        },
        {
            "id": 66,
            "demand": 5,
            "day": 11,
            "shiftType": "D"
        },
        {
            "id": 67,
            "demand": 6,
            "day": 12,
            "shiftType": "E"
        },
        {
            "id": 68,
            "demand": 7,
            "day": 13,
            "shiftType": "N"
        },
        {
            "id": 69,
            "demand": 8,
            "day": 14,
            "shiftType": "D"
        },
        {
            "id": 70,
            "demand": 9,
            "day": 15,
            "shiftType": "E"
        },
        {
            "id": 71,
            "demand": 10,
            "day": 16,
            "shiftType": "N"
        },
        {
            "id": 72,
            "demand": 5,
            "day": 17,
            "shiftType": "D"
        },
        {
            "id": 73,
            "demand": 6,
            "day": 18,
            "shiftType": "E"
        },
        {
            "id": 74,
            "demand": 7,
            "day": 19,
            "shiftType": "N"
        },
        {
            "id": 75,
            "demand": 8,
            "day": 20,
            "shiftType": "D"
        },
        {
            "id": 76,
            "demand": 9,
            "day": 21,
            "shiftType": "E"
        },
        {
            "id": 77,
            "demand": 10,
            "day": 22,
            "shiftType": "N"
        },
        {
            "id": 78,
            "demand": 5,
            "day": 23,
            "shiftType": "D"
        },
        {
            "id": 79,
            "demand": 6,
            "day": 24,
            "shiftType": "E"
        },
        {
            "id": 80,
            "demand": 7,
            "day": 25,
            "shiftType": "N"
        },
        {
            "id": 81,
            "demand": 8,
            "day": 26,
            "shiftType": "D"
        },
        {
            "id": 82,
            "demand": 9,
            "day": 27,
            "shiftType": "E"
        },
        {
            "id": 83,
            "demand": 10,
            "day": 28,
            "shiftType": "N"
        },
        {
            "id": 84,
            "demand": 5,
            "day": 1,
            "shiftType": "D"
        }
    ],
    "employees": [
        {
            "id": 1,
            "totalNumberOfWorkingShifts": 17
        },
        {
            "id": 2,
            "totalNumberOfWorkingShifts": 17
        },
        {
            "id": 3,
            "totalNumberOfWorkingShifts": 17
        },
        {
            "id": 4,
            "totalNumberOfWorkingShifts": 17
        },
        {
            "id": 5,
            "totalNumberOfWorkingShifts": 17
        },
        {
            "id": 6,
            "totalNumberOfWorkingShifts": 17
        },
        {
            "id": 7,
            "totalNumberOfWorkingShifts": 17
        },
        {
            "id": 8,
            "totalNumberOfWorkingShifts": 17
        },
        {
            "id": 9,
            "totalNumberOfWorkingShifts": 17
        },
        {
            "id": 10,
            "totalNumberOfWorkingShifts": 17
        },
        {
            "id": 11,
            "totalNumberOfWorkingShifts": 17
        },
        {
            "id": 12,
            "totalNumberOfWorkingShifts": 17
        },
        {
            "id": 13,
            "totalNumberOfWorkingShifts": 17
        },
        {
            "id": 14,
            "totalNumberOfWorkingShifts": 17
        },
        {
            "id": 15,
            "totalNumberOfWorkingShifts": 17
        },
        {
            "id": 16,
            "totalNumberOfWorkingShifts": 17
        },
        {
            "id": 17,
            "totalNumberOfWorkingShifts": 17
        },
        {
            "id": 18,
            "totalNumberOfWorkingShifts": 17
        },
        {
            "id": 19,
            "totalNumberOfWorkingShifts": 17
        },
        {
            "id": 20,
            "totalNumberOfWorkingShifts": 17
        },
        {
            "id": 21,
            "totalNumberOfWorkingShifts": 17
        },
        {
            "id": 22,
            "totalNumberOfWorkingShifts": 17
        },
        {
            "id": 23,
            "totalNumberOfWorkingShifts": 17
        },
        {
            "id": 24,
            "totalNumberOfWorkingShifts": 17
        },
        {
            "id": 25,
            "totalNumberOfWorkingShifts": 17
        },
        {
            "id": 26,
            "totalNumberOfWorkingShifts": 17
        },
        {
            "id": 27,
            "totalNumberOfWorkingShifts": 17
        },
        {
            "id": 28,
            "totalNumberOfWorkingShifts": 17
        },
        {
            "id": 29,
            "totalNumberOfWorkingShifts": 17
        },
        {
            "id": 30,
            "totalNumberOfWorkingShifts": 17
        },
        {
            "id": 31,
            "totalNumberOfWorkingShifts": 17
        },
        {
            "id": 32,
            "totalNumberOfWorkingShifts": 17
        },
        {
            "id": 33,
            "totalNumberOfWorkingShifts": 17
        },
        {
            "id": 34,
            "totalNumberOfWorkingShifts": 17
        },
        {
            "id": 35,
            "totalNumberOfWorkingShifts": 17
        },
        {
            "id": 36,
            "totalNumberOfWorkingShifts": 17
        },
        {
            "id": 37,
            "totalNumberOfWorkingShifts": 17
        },
        {
            "id": 38,
            "totalNumberOfWorkingShifts": 17
        },
        {
            "id": 39,
            "totalNumberOfWorkingShifts": 17
        },
        {
            "id": 40,
            "totalNumberOfWorkingShifts": 17
        },
        {
            "id": 41,
            "totalNumberOfWorkingShifts": 17
        },
        {
            "id": 42,
            "totalNumberOfWorkingShifts": 17
        },
        {
            "id": 43,
            "totalNumberOfWorkingShifts": 17
        },
        {
            "id": 44,
            "totalNumberOfWorkingShifts": 17
        },
        {
            "id": 45,
            "totalNumberOfWorkingShifts": 17
        },
        {
            "id": 46,
            "totalNumberOfWorkingShifts": 17
        },
        {
            "id": 47,
            "totalNumberOfWorkingShifts": 17
        },
        {
            "id": 48,
            "totalNumberOfWorkingShifts": 17
        },
        {
            "id": 49,
            "totalNumberOfWorkingShifts": 17
        },
        {
            "id": 50,
            "totalNumberOfWorkingShifts": 17
        }
    ]
}