{
    "id": "D1E3",
    "numberOfDays": 1,
    "shiftTypes": [
        "D",
        "E",
        "N"
    ],
    "minimumConsecutiveShiftsConstraints": [
        {
            "numberOfConsecutiveShifts": 21,
            "minimumNumberOfShifts": 2
        }
    ],
    "maximumConsecutiveShiftsConstraints": [
        {
            "numberOfConsecutiveShifts": 21,
            "maximumNumberOfShifts": 5
        },
        {
            "numberOfConsecutiveShifts": 3,
            "maximumNumberOfShifts": 1
        }
    ],
    "shifts": [
        {
            "id": 1,
            "demand": 2,
            "day": 1,
            "shiftType": "E"
        },
        {
            "id": 2,
            "demand": 1,
            "day": 1,
            "shiftType": "N"
        },
        {
            "id": 3,
            "demand": 2,
            "day": 1,
            "shiftType": "D"
        }
    ],
    "employees": [
        {
            "id": 1,
            "totalNumberOfWorkingShifts": 17
        },
        {
            "id": 2,
            "totalNumberOfWorkingShifts": 17
        },
        {
            "id": 3,
            "totalNumberOfWorkingShifts": 17
        }
    ]
}