{
    "id": "D70E50",
    "numberOfDays": 70,
    "shiftTypes": [
        "D",
        "E",
        "N"
    ],
    "minimumConsecutiveShiftsConstraints": [
        {
            "numberOfConsecutiveShifts": 21,
            "minimumNumberOfShifts": 2
        }
    ],
    "maximumConsecutiveShiftsConstraints": [
        {
            "numberOfConsecutiveShifts": 21,
            "maximumNumberOfShifts": 5
        },
        {
            "numberOfConsecutiveShifts": 3,
            "maximumNumberOfShifts": 1
        }
    ],
    "shifts": [
        {
            "id": 1,
            "demand": 6,
            "day": 2,
            "shiftType": "E"
        },
        {
            "id": 2,
            "demand": 7,
            "day": 3,
            "shiftType": "N"
        },
        {
            "id": 3,
            "demand": 8,
            "day": 4,
            "shiftType": "D"
        },
        {
            "id": 4,
            "demand": 9,
            "day": 5,
            "shiftType": "E"
        },
        {
            "id": 5,
            "demand": 10,
            "day": 6,
            "shiftType": "N"
        },
        {
            "id": 6,
            "demand": 11,
            "day": 7,
            "shiftType": "D"
        },
        {
            "id": 7,
            "demand": 12,
            "day": 8,
            "shiftType": "E"
        },
        {
            "id": 8,
            "demand": 13,
            "day": 9,
            "shiftType": "N"
        },
        {
            "id": 9,
            "demand": 14,
            "day": 10,
            "shiftType": "D"
        },
        {
            "id": 10,
            "demand": 15,
            "day": 11,
            "shiftType": "E"
        },
        {
            "id": 11,
            "demand": 16,
            "day": 12,
            "shiftType": "N"
        },
        {
            "id": 12,
            "demand": 17,
            "day": 13,
            "shiftType": "D"
        },
        {
            "id": 13,
            "demand": 18,
            "day": 14,
            "shiftType": "E"
        },
        {
            "id": 14,
            "demand": 19,
            "day": 15,
            "shiftType": "N"
        },
        {
            "id": 15,
            "demand": 20,
            "day": 16,
            "shiftType": "D"
        },
        {
            "id": 16,
            "demand": 21,
            "day": 17,
            "shiftType": "E"
        },
        {
            "id": 17,
            "demand": 22,
            "day": 18,
            "shiftType": "N"
        },
        {
            "id": 18,
            "demand": 23,
            "day": 19,
            "shiftType": "D"
        },
        {
            "id": 19,
            "demand": 24,
            "day": 20,
            "shiftType": "E"
        },
        {
            "id": 20,
            "demand": 25,
            "day": 21,
            "shiftType": "N"
        },
        {
            "id": 21,
            "demand": 5,
            "day": 22,
            "shiftType": "D"
        },
        {
            "id": 22,
            "demand": 6,
            "day": 23,
            "shiftType": "E"
        },
        {
            "id": 23,
            "demand": 7,
            "day": 24,
            "shiftType": "N"
        },
        {
            "id": 24,
            "demand": 8,
            "day": 25,
            "shiftType": "D"
        },
        {
            "id": 25,
            "demand": 9,
            "day": 26,
            "shiftType": "E"
        },
        {
            "id": 26,
            "demand": 10,
            "day": 27,
            "shiftType": "N"
        },
        {
            "id": 27,
            "demand": 11,
            "day": 28,
            "shiftType": "D"
        },
        {
            "id": 28,
            "demand": 12,
            "day": 29,
            "shiftType": "E"
        },
        {
            "id": 29,
            "demand": 13,
            "day": 30,
            "shiftType": "N"
        },
        {
            "id": 30,
            "demand": 14,
            "day": 31,
            "shiftType": "D"
        },
        {
            "id": 31,
            "demand": 15,
            "day": 32,
            "shiftType": "E"
        },
        {
            "id": 32,
            "demand": 16,
            "day": 33,
            "shiftType": "N"
        },
        {
            "id": 33,
            "demand": 17,
            "day": 34,
            "shiftType": "D"
        },
        {
            "id": 34,
            "demand": 18,
            "day": 35,
            "shiftType": "E"
        },
        {
            "id": 35,
            "demand": 19,
            "day": 36,
            "shiftType": "N"
        },
        {
            "id": 36,
            "demand": 20,
            "day": 37,
            "shiftType": "D"
        },
        {
            "id": 37,
            "demand": 21,
            "day": 38,
            "shiftType": "E"
        },
        {
            "id": 38,
            "demand": 22,
            "day": 39,
            "shiftType": "N"
        },
        {
            "id": 39,
            "demand": 23,
            "day": 40,
            "shiftType": "D"
        },
        {
            "id": 40,
            "demand": 24,
            "day": 41,
            "shiftType": "E"
        },
        {
            "id": 41,
            "demand": 25,
            "day": 42,
            "shiftType": "N"
        },
        {
            "id": 42,
            "demand": 5,
            "day": 43,
            "shiftType": "D"
        },
        {
            "id": 43,
            "demand": 6,
            "day": 44,
            "shiftType": "E"
        },
        {
            "id": 44,
            "demand": 7,
            "day": 45,
            "shiftType": "N"
        },
        {
            "id": 45,
            "demand": 8,
            "day": 46,
            "shiftType": "D"
        },
        {
            "id": 46,
            "demand": 9,
            "day": 47,
            "shiftType": "E"
        },
        {
            "id": 47,
            "demand": 10,
            "day": 48,
            "shiftType": "N"
        },
        {
            "id": 48,
            "demand": 11,
            "day": 49,
            "shiftType": "D"
        },
        {
            "id": 49,
            "demand": 12,
            "day": 50,
            "shiftType": "E"
        },
        {
            "id": 50,
            "demand": 13,
            "day": 51,
            "shiftType": "N"
        },
        {
            "id": 51,
            "demand": 14,
            "day": 52,
            "shiftType": "D"
        },
        {
            "id": 52,
            "demand": 15,
            "day": 53,
            "shiftType": "E"
        },
        {
            "id": 53,
            "demand": 16,
            "day": 54,
            "shiftType": "N"
        },
        {
            "id": 54,
            "demand": 17,
            "day": 55,
            "shiftType": "D"
        },
        {
            "id": 55,
            "demand": 18,
            "day": 56,
            "shiftType": "E"
        },
        {
            "id": 56,
            "demand": 19,
            "day": 57,
            "shiftType": "N"
        },
        {
            "id": 57,
            "demand": 20,
            "day": 58,
            "shiftType": "D"
        },
        {
            "id": 58,
            "demand": 21,
            "day": 59,
            "shiftType": "E"
        },
        {
            "id": 59,
            "demand": 22,
            "day": 60,
            "shiftType": "N"
        },
        {
            "id": 60,
            "demand": 23,
            "day": 61,
            "shiftType": "D"
        },
        {
            "id": 61,
            "demand": 24,
            "day": 62,
            "shiftType": "E"
        },
        {
            "id": 62,
            "demand": 25,
            "day": 63,
            "shiftType": "N"
        },
        {
            "id": 63,
            "demand": 5,
            "day": 64,
            "shiftType": "D"
        },
        {
            "id": 64,
            "demand": 6,
            "day": 65,
            "shiftType": "E"
        },
        {
            "id": 65,
            "demand": 7,
            "day": 66,
            "shiftType": "N"
        },
        {
            "id": 66,
            "demand": 8,
            "day": 67,
            "shiftType": "D"
        },
        {
            "id": 67,
            "demand": 9,
            "day": 68,
            "shiftType": "E"
        },
        {
            "id": 68,
            "demand": 10,
            "day": 69,
            "shiftType": "N"
        },
        {
            "id": 69,
            "demand": 11,
            "day": 70,
            "shiftType": "D"
        },
        {
            "id": 70,
            "demand": 12,
            "day": 1,
            "shiftType": "E"
        },
        {
            "id": 71,
            "demand": 13,
            "day": 2,
            "shiftType": "N"
        },
        {
            "id": 72,
            "demand": 14,
            "day": 3,
            "shiftType": "D"
        },
        {
            "id": 73,
            "demand": 15,
            "day": 4,
            "shiftType": "E"
        },
        {
            "id": 74,
            "demand": 16,
            "day": 5,
            "shiftType": "N"
        },
        {
            "id": 75,
            "demand": 17,
            "day": 6,
            "shiftType": "D"
        },
        {
            "id": 76,
            "demand": 18,
            "day": 7,
            "shiftType": "E"
        },
        {
            "id": 77,
            "demand": 19,
            "day": 8,
            "shiftType": "N"
        },
        {
            "id": 78,
            "demand": 20,
            "day": 9,
            "shiftType": "D"
        },
        {
            "id": 79,
            "demand": 21,
            "day": 10,
            "shiftType": "E"
        },
        {
            "id": 80,
            "demand": 22,
            "day": 11,
            "shiftType": "N"
        },
        {
            "id": 81,
            "demand": 23,
            "day": 12,
            "shiftType": "D"
        },
        {
            "id": 82,
            "demand": 24,
            "day": 13,
            "shiftType": "E"
        },
        {
            "id": 83,
            "demand": 25,
            "day": 14,
            "shiftType": "N"
        },
        {
            "id": 84,
            "demand": 5,
            "day": 15,
            "shiftType": "D"
        },
        {
            "id": 85,
            "demand": 6,
            "day": 16,
            "shiftType": "E"
        },
        {
            "id": 86,
            "demand": 7,
            "day": 17,
            "shiftType": "N"
        },
        {
            "id": 87,
            "demand": 8,
            "day": 18,
            "shiftType": "D"
        },
        {
            "id": 88,
            "demand": 9,
            "day": 19,
            "shiftType": "E"
        },
        {
            "id": 89,
            "demand": 10,
            "day": 20,
            "shiftType": "N"
        },
        {
            "id": 90,
            "demand": 11,
            "day": 21,
            "shiftType": "D"
        },
        {
            "id": 91,
            "demand": 12,
            "day": 22,
            "shiftType": "E"
        },
        {
            "id": 92,
            "demand": 13,
            "day": 23,
            "shiftType": "N"
        },
        {
            "id": 93,
            "demand": 14,
            "day": 24,
            "shiftType": "D"
        },
        {
            "id": 94,
            "demand": 15,
            "day": 25,
            "shiftType": "E"
        },
        {
            "id": 95,
            "demand": 16,
            "day": 26,
            "shiftType": "N"
        },
        {
            "id": 96,
            "demand": 17,
            "day": 27,
            "shiftType": "D"
        },
        {
            "id": 97,
            "demand": 18,
            "day": 28,
            "shiftType": "E"
        },
        {
            "id": 98,
            "demand": 19,
            "day": 29,
            "shiftType": "N"
        },
        {
            "id": 99,
            "demand": 20,
            "day": 30,
            "shiftType": "D"
        },
        {
            "id": 100,
            "demand": 21,
            "day": 31,
            "shiftType": "E"
        },
        {
            "id": 101,
            "demand": 22,
            "day": 32,
            "shiftType": "N"
        },
        {
            "id": 102,
            "demand": 23,
            "day": 33,
            "shiftType": "D"
        },
        {
            "id": 103,
            "demand": 24,
            "day": 34,
            "shiftType": "E"
        },
        {
            "id": 104,
            "demand": 25,
            "day": 35,
            "shiftType": "N"
        },
        {
            "id": 105,
            "demand": 5,
            "day": 36,
            "shiftType": "D"
        },
        {
            "id": 106,
            "demand": 6,
            "day": 37,
            "shiftType": "E"
        },
        {
            "id": 107,
            "demand": 7,
            "day": 38,
            "shiftType": "N"
        },
        {
            "id": 108,
            "demand": 8,
            "day": 39,
            "shiftType": "D"
        },
        {
            "id": 109,
            "demand": 9,
            "day": 40,
            "shiftType": "E"
        },
        {
            "id": 110,
            "demand": 10,
            "day": 41,
            "shiftType": "N"
        },
        {
            "id": 111,
            "demand": 11,
            "day": 42,
            "shiftType": "D"
        },
        {
            "id": 112,
            "demand": 12,
            "day": 43,
            "shiftType": "E"
        },
        {
            "id": 113,
            "demand": 13,
            "day": 44,
            "shiftType": "N"
        },
        {
            "id": 114,
            "demand": 14,
            "day": 45,
            "shiftType": "D"
        },
        {
            "id": 115,
            "demand": 15,
            "day": 46,
            "shiftType": "E"
        },
        {
            "id": 116,
            "demand": 16,
            "day": 47,
            "shiftType": "N"
        },
        {
            "id": 117,
            "demand": 17,
            "day": 48,
            "shiftType": "D"
        },
        {
            "id": 118,
            "demand": 18,
            "day": 49,
            "shiftType": "E"
        },
        {
            "id": 119,
            "demand": 19,
            "day": 50,
            "shiftType": "N"
        },
        {
            "id": 120,
            "demand": 20,
            "day": 51,
            "shiftType": "D"
        },
        {
            "id": 121,
            "demand": 21,
            "day": 52,
            "shiftType": "E"
        },
        {
            "id": 122,
            "demand": 22,
            "day": 53,
            "shiftType": "N"
        },
        {
            "id": 123,
            "demand": 23,
            "day": 54,
            "shiftType": "D"
        },
        {
            "id": 124,
            "demand": 24,
            "day": 55,
            "shiftType": "E"
        },
        {
            "id": 125,
            "demand": 25,
            "day": 56,
            "shiftType": "N"
        },
        {
            "id": 126,
            "demand": 5,
            "day": 57,
            "shiftType": "D"
        },
        {
            "id": 127,
            "demand": 6,
            "day": 58,
            "shiftType": "E"
        },
        {
            "id": 128,
            "demand": 7,
            "day": 59,
            "shiftType": "N"
        },
        {
            "id": 129,
            "demand": 8,
            "day": 60,
            "shiftType": "D"
        },
        {
            "id": 130,
            "demand": 9,
            "day": 61,
            "shiftType": "E"
        },
        {
            "id": 131,
            "demand": 10,
            "day": 62,
            "shiftType": "N"
        },
        {
            "id": 132,
            "demand": 11,
            "day": 63,
            "shiftType": "D"
        },
        {
            "id": 133,
            "demand": 12,
            "day": 64,
            "shiftType": "E"
        },
        {
            "id": 134,
            "demand": 13,
            "day": 65,
            "shiftType": "N"
        },
        {
            "id": 135,
            "demand": 14,
            "day": 66,
            "shiftType": "D"
        },
        {
            "id": 136,
            "demand": 15,
            "day": 67,
            "shiftType": "E"
        },
        {
            "id": 137,
            "demand": 16,
            "day": 68,
            "shiftType": "N"
        },
        {
            "id": 138,
            "demand": 17,
            "day": 69,
            "shiftType": "D"
        },
        {
            "id": 139,
            "demand": 18,
            "day": 70,
            "shiftType": "E"
        },
        {
            "id": 140,
            "demand": 19,
            "day": 1,
            "shiftType": "N"
        },
        {
            "id": 141,
            "demand": 20,
            "day": 2,
            "shiftType": "D"
        },
        {
            "id": 142,
            "demand": 21,
            "day": 3,
            "shiftType": "E"
        },
        {
            "id": 143,
            "demand": 22,
            "day": 4,
            "shiftType": "N"
        },
        {
            "id": 144,
            "demand": 23,
            "day": 5,
            "shiftType": "D"
        },
        {
            "id": 145,
            "demand": 24,
            "day": 6,
            "shiftType": "E"
        },
        {
            "id": 146,
            "demand": 25,
            "day": 7,
            "shiftType": "N"
        },
        {
            "id": 147,
            "demand": 5,
            "day": 8,
            "shiftType": "D"
        },
        {
            "id": 148,
            "demand": 6,
            "day": 9,
            "shiftType": "E"
        },
        {
            "id": 149,
            "demand": 7,
            "day": 10,
            "shiftType": "N"
        },
        {
            "id": 150,
            "demand": 8,
            "day": 11,
            "shiftType": "D"
        },
        {
            "id": 151,
            "demand": 9,
            "day": 12,
            "shiftType": "E"
        },
        {
            "id": 152,
            "demand": 10,
            "day": 13,
            "shiftType": "N"
        },
        {
            "id": 153,
            "demand": 11,
            "day": 14,
            "shiftType": "D"
        },
        {
            "id": 154,
            "demand": 12,
            "day": 15,
            "shiftType": "E"
        },
        {
            "id": 155,
            "demand": 13,
            "day": 16,
            "shiftType": "N"
        },
        {
            "id": 156,
            "demand": 14,
            "day": 17,
            "shiftType": "D"
        },
        {
            "id": 157,
            "demand": 15,
            "day": 18,
            "shiftType": "E"
        },
        {
            "id": 158,
            "demand": 16,
            "day": 19,
            "shiftType": "N"
        },
        {
            "id": 159,
            "demand": 17,
            "day": 20,
            "shiftType": "D"
        },
        {
            "id": 160,
            "demand": 18,
            "day": 21,
            "shiftType": "E"
        },
        {
            "id": 161,
            "demand": 19,
            "day": 22,
            "shiftType": "N"
        },
        {
            "id": 162,
            "demand": 20,
            "day": 23,
            "shiftType": "D"
        },
        {
            "id": 163,
            "demand": 21,
            "day": 24,
            "shiftType": "E"
        },
        {
            "id": 164,
            "demand": 22,
            "day": 25,
            "shiftType": "N"
        },
        {
            "id": 165,
            "demand": 23,
            "day": 26,
            "shiftType": "D"
        },
        {
            "id": 166,
            "demand": 24,
            "day": 27,
            "shiftType": "E"
        },
        {
            "id": 167,
            "demand": 25,
            "day": 28,
            "shiftType": "N"
        },
        {
            "id": 168,
            "demand": 5,
            "day": 29,
            "shiftType": "D"
        },
        {
            "id": 169,
            "demand": 6,
            "day": 30,
            "shiftType": "E"
        },
        {
            "id": 170,
            "demand": 7,
            "day": 31,
            "shiftType": "N"
        },
        {
            "id": 171,
            "demand": 8,
            "day": 32,
            "shiftType": "D"
        },
        {
            "id": 172,
            "demand": 9,
            "day": 33,
            "shiftType": "E"
        },
        {
            "id": 173,
            "demand": 10,
            "day": 34,
            "shiftType": "N"
        },
        {
            "id": 174,
            "demand": 11,
            "day": 35,
            "shiftType": "D"
        },
        {
            "id": 175,
            "demand": 12,
            "day": 36,
            "shiftType": "E"
        },
        {
            "id": 176,
            "demand": 13,
            "day": 37,
            "shiftType": "N"
        },
        {
            "id": 177,
            "demand": 14,
            "day": 38,
            "shiftType": "D"
        },
        {
            "id": 178,
            "demand": 15,
            "day": 39,
            "shiftType": "E"
        },
        {
            "id": 179,
            "demand": 16,
            "day": 40,
            "shiftType": "N"
        },
        {
            "id": 180,
            "demand": 17,
            "day": 41,
            "shiftType": "D"
        },
        {
            "id": 181,
            "demand": 18,
            "day": 42,
            "shiftType": "E"
        },
        {
            "id": 182,
            "demand": 19,
            "day": 43,
            "shiftType": "N"
        },
        {
            "id": 183,
            "demand": 20,
            "day": 44,
            "shiftType": "D"
        },
        {
            "id": 184,
            "demand": 21,
            "day": 45,
            "shiftType": "E"
        },
        {
            "id": 185,
            "demand": 22,
            "day": 46,
            "shiftType": "N"
        },
        {
            "id": 186,
            "demand": 23,
            "day": 47,
            "shiftType": "D"
        },
        {
            "id": 187,
            "demand": 24,
            "day": 48,
            "shiftType": "E"
        },
        {
            "id": 188,
            "demand": 25,
            "day": 49,
            "shiftType": "N"
        },
        {
            "id": 189,
            "demand": 5,
            "day": 50,
            "shiftType": "D"
        },
        {
            "id": 190,
            "demand": 6,
            "day": 51,
            "shiftType": "E"
        },
        {
            "id": 191,
            "demand": 7,
            "day": 52,
            "shiftType": "N"
        },
        {
            "id": 192,
            "demand": 8,
            "day": 53,
            "shiftType": "D"
        },
        {
            "id": 193,
            "demand": 9,
            "day": 54,
            "shiftType": "E"
        },
        {
            "id": 194,
            "demand": 10,
            "day": 55,
            "shiftType": "N"
        },
        {
            "id": 195,
            "demand": 11,
            "day": 56,
            "shiftType": "D"
        },
        {
            "id": 196,
            "demand": 12,
            "day": 57,
            "shiftType": "E"
        },
        {
            "id": 197,
            "demand": 13,
            "day": 58,
            "shiftType": "N"
        },
        {
            "id": 198,
            "demand": 14,
            "day": 59,
            "shiftType": "D"
        },
        {
            "id": 199,
            "demand": 15,
            "day": 60,
            "shiftType": "E"
        },
        {
            "id": 200,
            "demand": 16,
            "day": 61,
            "shiftType": "N"
        },
        {
            "id": 201,
            "demand": 17,
            "day": 62,
            "shiftType": "D"
        },
        {
            "id": 202,
            "demand": 18,
            "day": 63,
            "shiftType": "E"
        },
        {
            "id": 203,
            "demand": 19,
            "day": 64,
            "shiftType": "N"
        },
        {
            "id": 204,
            "demand": 20,
            "day": 65,
            "shiftType": "D"
        },
        {
            "id": 205,
            "demand": 21,
            "day": 66,
            "shiftType": "E"
        },
        {
            "id": 206,
            "demand": 22,
            "day": 67,
            "shiftType": "N"
        },
        {
            "id": 207,
            "demand": 23,
            "day": 68,
            "shiftType": "D"
        },
        {
            "id": 208,
            "demand": 24,
            "day": 69,
            "shiftType": "E"
        },
        {
            "id": 209,
            "demand": 25,
            "day": 70,
            "shiftType": "N"
        },
        {
            "id": 210,
            "demand": 5,
            "day": 1,
            "shiftType": "D"
        }
    ],
    "employees": [
        {
            "id": 1,
            "totalNumberOfWorkingShifts": 17
        },
        {
            "id": 2,
            "totalNumberOfWorkingShifts": 17
        },
        {
            "id": 3,
            "totalNumberOfWorkingShifts": 17
        },
        {
            "id": 4,
            "totalNumberOfWorkingShifts": 17
        },
        {
            "id": 5,
            "totalNumberOfWorkingShifts": 17
        },
        {
            "id": 6,
            "totalNumberOfWorkingShifts": 17
        },
        {
            "id": 7,
            "totalNumberOfWorkingShifts": 17
        },
        {
            "id": 8,
            "totalNumberOfWorkingShifts": 17
        },
        {
            "id": 9,
            "totalNumberOfWorkingShifts": 17
        },
        {
            "id": 10,
            "totalNumberOfWorkingShifts": 17
        },
        {
            "id": 11,
            "totalNumberOfWorkingShifts": 17
        },
        {
            "id": 12,
            "totalNumberOfWorkingShifts": 17
        },
        {
            "id": 13,
            "totalNumberOfWorkingShifts": 17
        },
        {
            "id": 14,
            "totalNumberOfWorkingShifts": 17
        },
        {
            "id": 15,
            "totalNumberOfWorkingShifts": 17
        },
        {
            "id": 16,
            "totalNumberOfWorkingShifts": 17
        },
        {
            "id": 17,
            "totalNumberOfWorkingShifts": 17
        },
        {
            "id": 18,
            "totalNumberOfWorkingShifts": 17
        },
        {
            "id": 19,
            "totalNumberOfWorkingShifts": 17
        },
        {
            "id": 20,
            "totalNumberOfWorkingShifts": 17
        },
        {
            "id": 21,
            "totalNumberOfWorkingShifts": 17
        },
        {
            "id": 22,
            "totalNumberOfWorkingShifts": 17
        },
        {
            "id": 23,
            "totalNumberOfWorkingShifts": 17
        },
        {
            "id": 24,
            "totalNumberOfWorkingShifts": 17
        },
        {
            "id": 25,
            "totalNumberOfWorkingShifts": 17
        },
        {
            "id": 26,
            "totalNumberOfWorkingShifts": 17
        },
        {
            "id": 27,
            "totalNumberOfWorkingShifts": 17
        },
        {
            "id": 28,
            "totalNumberOfWorkingShifts": 17
        },
        {
            "id": 29,
            "totalNumberOfWorkingShifts": 17
        },
        {
            "id": 30,
            "totalNumberOfWorkingShifts": 17
        },
        {
            "id": 31,
            "totalNumberOfWorkingShifts": 17
        },
        {
            "id": 32,
            "totalNumberOfWorkingShifts": 17
        },
        {
            "id": 33,
            "totalNumberOfWorkingShifts": 17
        },
        {
            "id": 34,
            "totalNumberOfWorkingShifts": 17
        },
        {
            "id": 35,
            "totalNumberOfWorkingShifts": 17
        },
        {
            "id": 36,
            "totalNumberOfWorkingShifts": 17
        },
        {
            "id": 37,
            "totalNumberOfWorkingShifts": 17
        },
        {
            "id": 38,
            "totalNumberOfWorkingShifts": 17
        },
        {
            "id": 39,
            "totalNumberOfWorkingShifts": 17
        },
        {
            "id": 40,
            "totalNumberOfWorkingShifts": 17
        },
        {
            "id": 41,
            "totalNumberOfWorkingShifts": 17
        },
        {
            "id": 42,
            "totalNumberOfWorkingShifts": 17
        },
        {
            "id": 43,
            "totalNumberOfWorkingShifts": 17
        },
        {
            "id": 44,
            "totalNumberOfWorkingShifts": 17
        },
        {
            "id": 45,
            "totalNumberOfWorkingShifts": 17
        },
        {
            "id": 46,
            "totalNumberOfWorkingShifts": 17
        },
        {
            "id": 47,
            "totalNumberOfWorkingShifts": 17
        },
        {
            "id": 48,
            "totalNumberOfWorkingShifts": 17
        },
        {
            "id": 49,
            "totalNumberOfWorkingShifts": 17
        },
        {
            "id": 50,
            "totalNumberOfWorkingShifts": 17
        }
    ]
}