{
    "ID": "D28E50",
    "LengthOfSchedule": 28,
    "Shift_types": [
        "D",
        "E",
        "N"
    ],
    "Shifts": [
        {
            "ID": 1,
            "Demand": 6,
            "Day": 2,
            "ShiftType": "E"
        },
        {
            "ID": 2,
            "Demand": 7,
            "Day": 3,
            "ShiftType": "N"
        },
        {
            "ID": 3,
            "Demand": 8,
            "Day": 4,
            "ShiftType": "D"
        },
        {
            "ID": 4,
            "Demand": 9,
            "Day": 5,
            "ShiftType": "E"
        },
        {
            "ID": 5,
            "Demand": 10,
            "Day": 6,
            "ShiftType": "N"
        },
        {
            "ID": 6,
            "Demand": 5,
            "Day": 7,
            "ShiftType": "D"
        },
        {
            "ID": 7,
            "Demand": 6,
            "Day": 8,
            "ShiftType": "E"
        },
        {
            "ID": 8,
            "Demand": 7,
            "Day": 9,
            "ShiftType": "N"
        },
        {
            "ID": 9,
            "Demand": 8,
            "Day": 10,
            "ShiftType": "D"
        },
        {
            "ID": 10,
            "Demand": 9,
            "Day": 11,
            "ShiftType": "E"
        },
        {
            "ID": 11,
            "Demand": 10,
            "Day": 12,
            "ShiftType": "N"
        },
        {
            "ID": 12,
            "Demand": 5,
            "Day": 13,
            "ShiftType": "D"
        },
        {
            "ID": 13,
            "Demand": 6,
            "Day": 14,
            "ShiftType": "E"
        },
        {
            "ID": 14,
            "Demand": 7,
            "Day": 15,
            "ShiftType": "N"
        },
        {
            "ID": 15,
            "Demand": 8,
            "Day": 16,
            "ShiftType": "D"
        },
        {
            "ID": 16,
            "Demand": 9,
            "Day": 17,
            "ShiftType": "E"
        },
        {
            "ID": 17,
            "Demand": 10,
            "Day": 18,
            "ShiftType": "N"
        },
        {
            "ID": 18,
            "Demand": 5,
            "Day": 19,
            "ShiftType": "D"
        },
        {
            "ID": 19,
            "Demand": 6,
            "Day": 20,
            "ShiftType": "E"
        },
        {
            "ID": 20,
            "Demand": 7,
            "Day": 21,
            "ShiftType": "N"
        },
        {
            "ID": 21,
            "Demand": 8,
            "Day": 22,
            "ShiftType": "D"
        },
        {
            "ID": 22,
            "Demand": 9,
            "Day": 23,
            "ShiftType": "E"
        },
        {
            "ID": 23,
            "Demand": 10,
            "Day": 24,
            "ShiftType": "N"
        },
        {
            "ID": 24,
            "Demand": 5,
            "Day": 25,
            "ShiftType": "D"
        },
        {
            "ID": 25,
            "Demand": 6,
            "Day": 26,
            "ShiftType": "E"
        },
        {
            "ID": 26,
            "Demand": 7,
            "Day": 27,
            "ShiftType": "N"
        },
        {
            "ID": 27,
            "Demand": 8,
            "Day": 28,
            "ShiftType": "D"
        },
        {
            "ID": 28,
            "Demand": 9,
            "Day": 1,
            "ShiftType": "E"
        },
        {
            "ID": 29,
            "Demand": 10,
            "Day": 2,
            "ShiftType": "N"
        },
        {
            "ID": 30,
            "Demand": 5,
            "Day": 3,
            "ShiftType": "D"
        },
        {
            "ID": 31,
            "Demand": 6,
            "Day": 4,
            "ShiftType": "E"
        },
        {
            "ID": 32,
            "Demand": 7,
            "Day": 5,
            "ShiftType": "N"
        },
        {
            "ID": 33,
            "Demand": 8,
            "Day": 6,
            "ShiftType": "D"
        },
        {
            "ID": 34,
            "Demand": 9,
            "Day": 7,
            "ShiftType": "E"
        },
        {
            "ID": 35,
            "Demand": 10,
            "Day": 8,
            "ShiftType": "N"
        },
        {
            "ID": 36,
            "Demand": 5,
            "Day": 9,
            "ShiftType": "D"
        },
        {
            "ID": 37,
            "Demand": 6,
            "Day": 10,
            "ShiftType": "E"
        },
        {
            "ID": 38,
            "Demand": 7,
            "Day": 11,
            "ShiftType": "N"
        },
        {
            "ID": 39,
            "Demand": 8,
            "Day": 12,
            "ShiftType": "D"
        },
        {
            "ID": 40,
            "Demand": 9,
            "Day": 13,
            "ShiftType": "E"
        },
        {
            "ID": 41,
            "Demand": 10,
            "Day": 14,
            "ShiftType": "N"
        },
        {
            "ID": 42,
            "Demand": 5,
            "Day": 15,
            "ShiftType": "D"
        },
        {
            "ID": 43,
            "Demand": 6,
            "Day": 16,
            "ShiftType": "E"
        },
        {
            "ID": 44,
            "Demand": 7,
            "Day": 17,
            "ShiftType": "N"
        },
        {
            "ID": 45,
            "Demand": 8,
            "Day": 18,
            "ShiftType": "D"
        },
        {
            "ID": 46,
            "Demand": 9,
            "Day": 19,
            "ShiftType": "E"
        },
        {
            "ID": 47,
            "Demand": 10,
            "Day": 20,
            "ShiftType": "N"
        },
        {
            "ID": 48,
            "Demand": 5,
            "Day": 21,
            "ShiftType": "D"
        },
        {
            "ID": 49,
            "Demand": 6,
            "Day": 22,
            "ShiftType": "E"
        },
        {
            "ID": 50,
            "Demand": 7,
            "Day": 23,
            "ShiftType": "N"
        },
        {
            "ID": 51,
            "Demand": 8,
            "Day": 24,
            "ShiftType": "D"
        },
        {
            "ID": 52,
            "Demand": 9,
            "Day": 25,
            "ShiftType": "E"
        },
        {
            "ID": 53,
            "Demand": 10,
            "Day": 26,
            "ShiftType": "N"
        },
        {
            "ID": 54,
            "Demand": 5,
            "Day": 27,
            "ShiftType": "D"
        },
        {
            "ID": 55,
            "Demand": 6,
            "Day": 28,
            "ShiftType": "E"
        },
        {
            "ID": 56,
            "Demand": 7,
            "Day": 1,
            "ShiftType": "N"
        },
        {
            "ID": 57,
            "Demand": 8,
            "Day": 2,
            "ShiftType": "D"
        },
        {
            "ID": 58,
            "Demand": 9,
            "Day": 3,
            "ShiftType": "E"
        },
        {
            "ID": 59,
            "Demand": 10,
            "Day": 4,
            "ShiftType": "N"
        },
        {
            "ID": 60,
            "Demand": 5,
            "Day": 5,
            "ShiftType": "D"
        },
        {
            "ID": 61,
            "Demand": 6,
            "Day": 6,
            "ShiftType": "E"
        },
        {
            "ID": 62,
            "Demand": 7,
            "Day": 7,
            "ShiftType": "N"
        },
        {
            "ID": 63,
            "Demand": 8,
            "Day": 8,
            "ShiftType": "D"
        },
        {
            "ID": 64,
            "Demand": 9,
            "Day": 9,
            "ShiftType": "E"
        },
        {
            "ID": 65,
            "Demand": 10,
            "Day": 10,
            "ShiftType": "N"
        },
        {
            "ID": 66,
            "Demand": 5,
            "Day": 11,
            "ShiftType": "D"
        },
        {
            "ID": 67,
            "Demand": 6,
            "Day": 12,
            "ShiftType": "E"
        },
        {
            "ID": 68,
            "Demand": 7,
            "Day": 13,
            "ShiftType": "N"
        },
        {
            "ID": 69,
            "Demand": 8,
            "Day": 14,
            "ShiftType": "D"
        },
        {
            "ID": 70,
            "Demand": 9,
            "Day": 15,
            "ShiftType": "E"
        },
        {
            "ID": 71,
            "Demand": 10,
            "Day": 16,
            "ShiftType": "N"
        },
        {
            "ID": 72,
            "Demand": 5,
            "Day": 17,
            "ShiftType": "D"
        },
        {
            "ID": 73,
            "Demand": 6,
            "Day": 18,
            "ShiftType": "E"
        },
        {
            "ID": 74,
            "Demand": 7,
            "Day": 19,
            "ShiftType": "N"
        },
        {
            "ID": 75,
            "Demand": 8,
            "Day": 20,
            "ShiftType": "D"
        },
        {
            "ID": 76,
            "Demand": 9,
            "Day": 21,
            "ShiftType": "E"
        },
        {
            "ID": 77,
            "Demand": 10,
            "Day": 22,
            "ShiftType": "N"
        },
        {
            "ID": 78,
            "Demand": 5,
            "Day": 23,
            "ShiftType": "D"
        },
        {
            "ID": 79,
            "Demand": 6,
            "Day": 24,
            "ShiftType": "E"
        },
        {
            "ID": 80,
            "Demand": 7,
            "Day": 25,
            "ShiftType": "N"
        },
        {
            "ID": 81,
            "Demand": 8,
            "Day": 26,
            "ShiftType": "D"
        },
        {
            "ID": 82,
            "Demand": 9,
            "Day": 27,
            "ShiftType": "E"
        },
        {
            "ID": 83,
            "Demand": 10,
            "Day": 28,
            "ShiftType": "N"
        },
        {
            "ID": 84,
            "Demand": 5,
            "Day": 1,
            "ShiftType": "D"
        }
    ],
    "Employees": [
        {
            "ID": 1
        },
        {
            "ID": 2
        },
        {
            "ID": 3
        },
        {
            "ID": 4
        },
        {
            "ID": 5
        },
        {
            "ID": 6
        },
        {
            "ID": 7
        },
        {
            "ID": 8
        },
        {
            "ID": 9
        },
        {
            "ID": 10
        },
        {
            "ID": 11
        },
        {
            "ID": 12
        },
        {
            "ID": 13
        },
        {
            "ID": 14
        },
        {
            "ID": 15
        },
        {
            "ID": 16
        },
        {
            "ID": 17
        },
        {
            "ID": 18
        },
        {
            "ID": 19
        },
        {
            "ID": 20
        },
        {
            "ID": 21
        },
        {
            "ID": 22
        },
        {
            "ID": 23
        },
        {
            "ID": 24
        },
        {
            "ID": 25
        },
        {
            "ID": 26
        },
        {
            "ID": 27
        },
        {
            "ID": 28
        },
        {
            "ID": 29
        },
        {
            "ID": 30
        },
        {
            "ID": 31
        },
        {
            "ID": 32
        },
        {
            "ID": 33
        },
        {
            "ID": 34
        },
        {
            "ID": 35
        },
        {
            "ID": 36
        },
        {
            "ID": 37
        },
        {
            "ID": 38
        },
        {
            "ID": 39
        },
        {
            "ID": 40
        },
        {
            "ID": 41
        },
        {
            "ID": 42
        },
        {
            "ID": 43
        },
        {
            "ID": 44
        },
        {
            "ID": 45
        },
        {
            "ID": 46
        },
        {
            "ID": 47
        },
        {
            "ID": 48
        },
        {
            "ID": 49
        },
        {
            "ID": 50
        }
    ]
}