{
    "id": "D28E20",
    "numberOfEmployees": 20,
    "numberOfDays": 28,
    "shiftTypes": [
        "D",
        "E",
        "N"
    ],
    "minimumWorkingDaysPerPeriod7Days": 2,
    "maximumWorkingDaysPerPeriod7Days": 5,
    "maximumShiftsPerDay": 1,
    "minimumBreakBetween2WorkingShifts": 2,
    "shifts": [
        {
            "id": 1,
            "demand": 6,
            "day": 1,
            "shiftType": "D"
        },
        {
            "id": 2,
            "demand": 6,
            "day": 1,
            "shiftType": "E"
        },
        {
            "id": 3,
            "demand": 2,
            "day": 1,
            "shiftType": "N"
        },
        {
            "id": 4,
            "demand": 4,
            "day": 2,
            "shiftType": "D"
        },
        {
            "id": 5,
            "demand": 5,
            "day": 2,
            "shiftType": "E"
        },
        {
            "id": 6,
            "demand": 2,
            "day": 2,
            "shiftType": "N"
        },
        {
            "id": 7,
            "demand": 3,
            "day": 3,
            "shiftType": "D"
        },
        {
            "id": 8,
            "demand": 3,
            "day": 3,
            "shiftType": "E"
        },
        {
            "id": 9,
            "demand": 5,
            "day": 3,
            "shiftType": "N"
        },
        {
            "id": 10,
            "demand": 2,
            "day": 4,
            "shiftType": "D"
        },
        {
            "id": 11,
            "demand": 2,
            "day": 4,
            "shiftType": "E"
        },
        {
            "id": 12,
            "demand": 3,
            "day": 4,
            "shiftType": "N"
        },
        {
            "id": 13,
            "demand": 4,
            "day": 5,
            "shiftType": "D"
        },
        {
            "id": 14,
            "demand": 3,
            "day": 5,
            "shiftType": "E"
        },
        {
            "id": 15,
            "demand": 2,
            "day": 5,
            "shiftType": "N"
        },
        {
            "id": 16,
            "demand": 4,
            "day": 6,
            "shiftType": "D"
        },
        {
            "id": 17,
            "demand": 6,
            "day": 6,
            "shiftType": "E"
        },
        {
            "id": 18,
            "demand": 2,
            "day": 6,
            "shiftType": "N"
        },
        {
            "id": 19,
            "demand": 4,
            "day": 7,
            "shiftType": "D"
        },
        {
            "id": 20,
            "demand": 5,
            "day": 7,
            "shiftType": "E"
        },
        {
            "id": 21,
            "demand": 5,
            "day": 7,
            "shiftType": "N"
        },
        {
            "id": 22,
            "demand": 4,
            "day": 8,
            "shiftType": "D"
        },
        {
            "id": 23,
            "demand": 4,
            "day": 8,
            "shiftType": "E"
        },
        {
            "id": 24,
            "demand": 4,
            "day": 8,
            "shiftType": "N"
        },
        {
            "id": 25,
            "demand": 5,
            "day": 9,
            "shiftType": "D"
        },
        {
            "id": 26,
            "demand": 6,
            "day": 9,
            "shiftType": "E"
        },
        {
            "id": 27,
            "demand": 6,
            "day": 9,
            "shiftType": "N"
        },
        {
            "id": 28,
            "demand": 6,
            "day": 10,
            "shiftType": "D"
        },
        {
            "id": 29,
            "demand": 4,
            "day": 10,
            "shiftType": "E"
        },
        {
            "id": 30,
            "demand": 4,
            "day": 10,
            "shiftType": "N"
        },
        {
            "id": 31,
            "demand": 2,
            "day": 11,
            "shiftType": "D"
        },
        {
            "id": 32,
            "demand": 5,
            "day": 11,
            "shiftType": "E"
        },
        {
            "id": 33,
            "demand": 6,
            "day": 11,
            "shiftType": "N"
        },
        {
            "id": 34,
            "demand": 5,
            "day": 12,
            "shiftType": "D"
        },
        {
            "id": 35,
            "demand": 5,
            "day": 12,
            "shiftType": "E"
        },
        {
            "id": 36,
            "demand": 2,
            "day": 12,
            "shiftType": "N"
        },
        {
            "id": 37,
            "demand": 4,
            "day": 13,
            "shiftType": "D"
        },
        {
            "id": 38,
            "demand": 3,
            "day": 13,
            "shiftType": "E"
        },
        {
            "id": 39,
            "demand": 6,
            "day": 13,
            "shiftType": "N"
        },
        {
            "id": 40,
            "demand": 2,
            "day": 14,
            "shiftType": "D"
        },
        {
            "id": 41,
            "demand": 6,
            "day": 14,
            "shiftType": "E"
        },
        {
            "id": 42,
            "demand": 5,
            "day": 14,
            "shiftType": "N"
        },
        {
            "id": 43,
            "demand": 3,
            "day": 15,
            "shiftType": "D"
        },
        {
            "id": 44,
            "demand": 6,
            "day": 15,
            "shiftType": "E"
        },
        {
            "id": 45,
            "demand": 3,
            "day": 15,
            "shiftType": "N"
        },
        {
            "id": 46,
            "demand": 5,
            "day": 16,
            "shiftType": "D"
        },
        {
            "id": 47,
            "demand": 2,
            "day": 16,
            "shiftType": "E"
        },
        {
            "id": 48,
            "demand": 5,
            "day": 16,
            "shiftType": "N"
        },
        {
            "id": 49,
            "demand": 2,
            "day": 17,
            "shiftType": "D"
        },
        {
            "id": 50,
            "demand": 4,
            "day": 17,
            "shiftType": "E"
        },
        {
            "id": 51,
            "demand": 5,
            "day": 17,
            "shiftType": "N"
        },
        {
            "id": 52,
            "demand": 4,
            "day": 18,
            "shiftType": "D"
        },
        {
            "id": 53,
            "demand": 4,
            "day": 18,
            "shiftType": "E"
        },
        {
            "id": 54,
            "demand": 5,
            "day": 18,
            "shiftType": "N"
        },
        {
            "id": 55,
            "demand": 4,
            "day": 19,
            "shiftType": "D"
        },
        {
            "id": 56,
            "demand": 6,
            "day": 19,
            "shiftType": "E"
        },
        {
            "id": 57,
            "demand": 6,
            "day": 19,
            "shiftType": "N"
        },
        {
            "id": 58,
            "demand": 2,
            "day": 20,
            "shiftType": "D"
        },
        {
            "id": 59,
            "demand": 6,
            "day": 20,
            "shiftType": "E"
        },
        {
            "id": 60,
            "demand": 3,
            "day": 20,
            "shiftType": "N"
        },
        {
            "id": 61,
            "demand": 6,
            "day": 21,
            "shiftType": "D"
        },
        {
            "id": 62,
            "demand": 3,
            "day": 21,
            "shiftType": "E"
        },
        {
            "id": 63,
            "demand": 2,
            "day": 21,
            "shiftType": "N"
        },
        {
            "id": 64,
            "demand": 6,
            "day": 22,
            "shiftType": "D"
        },
        {
            "id": 65,
            "demand": 5,
            "day": 22,
            "shiftType": "E"
        },
        {
            "id": 66,
            "demand": 6,
            "day": 22,
            "shiftType": "N"
        },
        {
            "id": 67,
            "demand": 4,
            "day": 23,
            "shiftType": "D"
        },
        {
            "id": 68,
            "demand": 2,
            "day": 23,
            "shiftType": "E"
        },
        {
            "id": 69,
            "demand": 5,
            "day": 23,
            "shiftType": "N"
        },
        {
            "id": 70,
            "demand": 6,
            "day": 24,
            "shiftType": "D"
        },
        {
            "id": 71,
            "demand": 2,
            "day": 24,
            "shiftType": "E"
        },
        {
            "id": 72,
            "demand": 4,
            "day": 24,
            "shiftType": "N"
        },
        {
            "id": 73,
            "demand": 6,
            "day": 25,
            "shiftType": "D"
        },
        {
            "id": 74,
            "demand": 5,
            "day": 25,
            "shiftType": "E"
        },
        {
            "id": 75,
            "demand": 3,
            "day": 25,
            "shiftType": "N"
        },
        {
            "id": 76,
            "demand": 5,
            "day": 26,
            "shiftType": "D"
        },
        {
            "id": 77,
            "demand": 2,
            "day": 26,
            "shiftType": "E"
        },
        {
            "id": 78,
            "demand": 5,
            "day": 26,
            "shiftType": "N"
        },
        {
            "id": 79,
            "demand": 4,
            "day": 27,
            "shiftType": "D"
        },
        {
            "id": 80,
            "demand": 4,
            "day": 27,
            "shiftType": "E"
        },
        {
            "id": 81,
            "demand": 5,
            "day": 27,
            "shiftType": "N"
        },
        {
            "id": 82,
            "demand": 6,
            "day": 28,
            "shiftType": "D"
        },
        {
            "id": 83,
            "demand": 6,
            "day": 28,
            "shiftType": "E"
        },
        {
            "id": 84,
            "demand": 6,
            "day": 28,
            "shiftType": "N"
        }
    ],
    "employees": [
        {
            "id": 1,
            "shiftOffs": [
                1,
                2,
                3,
                4,
                6,
                9,
                19,
                22,
                26,
                27,
                30,
                35,
                36,
                38,
                40,
                42,
                43,
                46,
                52,
                54,
                55,
                56,
                58,
                60,
                64,
                68,
                69,
                73,
                78,
                81,
                82,
                84
            ],
            "totalNumberOfWorkingShifts": 17
        },
        {
            "id": 2,
            "shiftOffs": [
                4,
                19,
                21,
                31,
                38,
                43,
                48,
                61,
                62,
                71
            ],
            "totalNumberOfWorkingShifts": 17
        },
        {
            "id": 3,
            "shiftOffs": [
                1,
                4,
                6,
                7,
                9,
                14,
                16,
                18,
                26,
                31,
                32,
                33,
                35,
                43,
                46,
                53,
                54,
                58,
                61,
                62,
                64,
                70,
                79,
                80,
                83,
                84
            ],
            "totalNumberOfWorkingShifts": 17
        },
        {
            "id": 4,
            "shiftOffs": [
                3,
                4,
                5,
                8,
                12,
                13,
                16,
                19,
                21,
                27,
                33,
                35,
                36,
                38,
                43,
                46,
                54,
                55,
                60,
                61,
                62,
                64,
                65,
                67,
                69,
                72,
                76,
                77,
                81,
                84
            ],
            "totalNumberOfWorkingShifts": 17
        },
        {
            "id": 5,
            "shiftOffs": [
                1,
                5,
                7,
                8,
                9,
                11,
                18,
                19,
                21,
                24,
                25,
                27,
                29,
                31,
                45,
                49,
                54,
                56,
                60,
                63,
                66,
                68,
                76
            ],
            "totalNumberOfWorkingShifts": 17
        },
        {
            "id": 6,
            "shiftOffs": [
                1,
                2,
                3,
                9,
                11,
                12,
                13,
                14,
                15,
                16,
                20,
                21,
                25,
                27,
                28,
                33,
                35,
                39,
                41,
                46,
                50,
                52,
                54,
                62,
                66,
                69,
                75,
                76,
                81,
                82,
                84
            ],
            "totalNumberOfWorkingShifts": 17
        },
        {
            "id": 7,
            "shiftOffs": [
                7,
                12,
                16,
                20,
                27,
                39,
                44,
                47,
                48,
                51,
                52,
                58,
                61,
                70
            ],
            "totalNumberOfWorkingShifts": 17
        },
        {
            "id": 8,
            "shiftOffs": [
                4,
                10,
                11,
                27,
                36,
                39,
                69,
                78
            ],
            "totalNumberOfWorkingShifts": 17
        },
        {
            "id": 9,
            "shiftOffs": [
                3,
                7,
                9,
                11,
                14,
                16,
                17,
                27,
                33,
                37,
                38,
                50,
                51,
                59,
                60,
                61,
                66,
                68,
                71,
                72,
                76,
                82
            ],
            "totalNumberOfWorkingShifts": 17
        },
        {
            "id": 10,
            "shiftOffs": [
                8,
                15,
                18,
                21,
                31,
                47,
                48,
                56,
                59,
                63,
                66,
                69,
                73,
                74,
                75,
                76,
                78
            ],
            "totalNumberOfWorkingShifts": 17
        },
        {
            "id": 11,
            "shiftOffs": [
                4,
                9,
                12,
                13,
                18,
                19,
                31,
                33,
                39,
                45,
                50,
                57,
                59,
                62,
                66,
                70,
                71,
                73,
                74,
                78,
                79,
                80,
                81,
                83,
                84
            ],
            "totalNumberOfWorkingShifts": 17
        },
        {
            "id": 12,
            "shiftOffs": [
                1,
                2,
                3,
                6,
                14,
                15,
                19,
                21,
                22,
                28,
                36,
                39,
                41,
                44,
                45,
                47,
                50,
                52,
                53,
                59,
                62,
                63,
                66,
                67,
                70,
                71,
                75,
                82,
                83
            ],
            "totalNumberOfWorkingShifts": 17
        },
        {
            "id": 13,
            "shiftOffs": [
                4,
                9,
                12,
                15,
                26,
                29,
                30,
                31,
                33,
                38,
                39,
                42,
                44,
                46,
                48,
                49,
                53,
                55,
                56,
                57,
                60,
                61,
                65,
                67,
                69,
                70,
                72,
                76,
                78,
                80,
                81,
                82,
                84
            ],
            "totalNumberOfWorkingShifts": 17
        },
        {
            "id": 14,
            "shiftOffs": [
                9,
                21,
                59,
                66,
                67,
                76,
                79,
                83
            ],
            "totalNumberOfWorkingShifts": 17
        },
        {
            "id": 15,
            "shiftOffs": [
                4,
                10,
                17,
                21,
                24,
                29,
                35,
                36,
                40,
                44,
                46,
                53,
                55,
                60,
                64,
                69,
                73,
                75,
                80
            ],
            "totalNumberOfWorkingShifts": 17
        },
        {
            "id": 16,
            "shiftOffs": [
                4,
                28,
                38,
                39,
                41,
                42,
                59,
                63,
                66,
                67,
                79,
                80,
                84
            ],
            "totalNumberOfWorkingShifts": 17
        },
        {
            "id": 17,
            "shiftOffs": [
                1,
                2,
                4,
                8,
                9,
                12,
                14,
                15,
                18,
                20,
                21,
                29,
                32,
                33,
                34,
                37,
                38,
                44,
                46,
                48,
                49,
                52,
                53,
                55,
                61,
                63,
                68,
                69,
                73,
                74,
                77,
                79
            ],
            "totalNumberOfWorkingShifts": 17
        },
        {
            "id": 18,
            "shiftOffs": [
                1,
                4,
                5,
                10,
                17,
                20,
                21,
                24,
                32,
                41,
                44,
                45,
                49,
                63,
                64,
                65,
                67,
                79,
                81
            ],
            "totalNumberOfWorkingShifts": 17
        },
        {
            "id": 19,
            "shiftOffs": [
                5,
                13,
                14,
                18,
                22,
                27,
                29,
                33,
                35,
                43,
                45,
                46,
                48,
                58,
                66,
                67,
                70,
                77,
                78,
                79,
                82,
                83
            ],
            "totalNumberOfWorkingShifts": 17
        },
        {
            "id": 20,
            "shiftOffs": [
                13,
                31,
                48,
                60,
                64,
                69,
                70,
                72
            ],
            "totalNumberOfWorkingShifts": 17
        }
    ]
}