{
    "id": "D28E20",
    "numberOfEmployees": 20,
    "numberOfDays": 28,
    "shiftTypes": [
        "D",
        "E",
        "N"
    ],
    "minimumWorkingDaysPerPeriod7Days": 2,
    "maximumWorkingDaysPerPeriod7Days": 5,
    "maximumShiftsPerDay": 1,
    "minimumBreakBetween2WorkingShifts": 2,
    "shifts": [
        {
            "id": 1,
            "demand": 5,
            "day": 1,
            "shiftType": "D"
        },
        {
            "id": 2,
            "demand": 2,
            "day": 1,
            "shiftType": "E"
        },
        {
            "id": 3,
            "demand": 2,
            "day": 1,
            "shiftType": "N"
        },
        {
            "id": 4,
            "demand": 2,
            "day": 2,
            "shiftType": "D"
        },
        {
            "id": 5,
            "demand": 2,
            "day": 2,
            "shiftType": "E"
        },
        {
            "id": 6,
            "demand": 4,
            "day": 2,
            "shiftType": "N"
        },
        {
            "id": 7,
            "demand": 6,
            "day": 3,
            "shiftType": "D"
        },
        {
            "id": 8,
            "demand": 2,
            "day": 3,
            "shiftType": "E"
        },
        {
            "id": 9,
            "demand": 3,
            "day": 3,
            "shiftType": "N"
        },
        {
            "id": 10,
            "demand": 6,
            "day": 4,
            "shiftType": "D"
        },
        {
            "id": 11,
            "demand": 3,
            "day": 4,
            "shiftType": "E"
        },
        {
            "id": 12,
            "demand": 2,
            "day": 4,
            "shiftType": "N"
        },
        {
            "id": 13,
            "demand": 5,
            "day": 5,
            "shiftType": "D"
        },
        {
            "id": 14,
            "demand": 6,
            "day": 5,
            "shiftType": "E"
        },
        {
            "id": 15,
            "demand": 3,
            "day": 5,
            "shiftType": "N"
        },
        {
            "id": 16,
            "demand": 3,
            "day": 6,
            "shiftType": "D"
        },
        {
            "id": 17,
            "demand": 6,
            "day": 6,
            "shiftType": "E"
        },
        {
            "id": 18,
            "demand": 5,
            "day": 6,
            "shiftType": "N"
        },
        {
            "id": 19,
            "demand": 6,
            "day": 7,
            "shiftType": "D"
        },
        {
            "id": 20,
            "demand": 5,
            "day": 7,
            "shiftType": "E"
        },
        {
            "id": 21,
            "demand": 2,
            "day": 7,
            "shiftType": "N"
        },
        {
            "id": 22,
            "demand": 6,
            "day": 8,
            "shiftType": "D"
        },
        {
            "id": 23,
            "demand": 2,
            "day": 8,
            "shiftType": "E"
        },
        {
            "id": 24,
            "demand": 3,
            "day": 8,
            "shiftType": "N"
        },
        {
            "id": 25,
            "demand": 5,
            "day": 9,
            "shiftType": "D"
        },
        {
            "id": 26,
            "demand": 6,
            "day": 9,
            "shiftType": "E"
        },
        {
            "id": 27,
            "demand": 3,
            "day": 9,
            "shiftType": "N"
        },
        {
            "id": 28,
            "demand": 4,
            "day": 10,
            "shiftType": "D"
        },
        {
            "id": 29,
            "demand": 5,
            "day": 10,
            "shiftType": "E"
        },
        {
            "id": 30,
            "demand": 6,
            "day": 10,
            "shiftType": "N"
        },
        {
            "id": 31,
            "demand": 3,
            "day": 11,
            "shiftType": "D"
        },
        {
            "id": 32,
            "demand": 6,
            "day": 11,
            "shiftType": "E"
        },
        {
            "id": 33,
            "demand": 5,
            "day": 11,
            "shiftType": "N"
        },
        {
            "id": 34,
            "demand": 6,
            "day": 12,
            "shiftType": "D"
        },
        {
            "id": 35,
            "demand": 6,
            "day": 12,
            "shiftType": "E"
        },
        {
            "id": 36,
            "demand": 2,
            "day": 12,
            "shiftType": "N"
        },
        {
            "id": 37,
            "demand": 5,
            "day": 13,
            "shiftType": "D"
        },
        {
            "id": 38,
            "demand": 6,
            "day": 13,
            "shiftType": "E"
        },
        {
            "id": 39,
            "demand": 4,
            "day": 13,
            "shiftType": "N"
        },
        {
            "id": 40,
            "demand": 6,
            "day": 14,
            "shiftType": "D"
        },
        {
            "id": 41,
            "demand": 4,
            "day": 14,
            "shiftType": "E"
        },
        {
            "id": 42,
            "demand": 3,
            "day": 14,
            "shiftType": "N"
        },
        {
            "id": 43,
            "demand": 4,
            "day": 15,
            "shiftType": "D"
        },
        {
            "id": 44,
            "demand": 2,
            "day": 15,
            "shiftType": "E"
        },
        {
            "id": 45,
            "demand": 4,
            "day": 15,
            "shiftType": "N"
        },
        {
            "id": 46,
            "demand": 2,
            "day": 16,
            "shiftType": "D"
        },
        {
            "id": 47,
            "demand": 4,
            "day": 16,
            "shiftType": "E"
        },
        {
            "id": 48,
            "demand": 6,
            "day": 16,
            "shiftType": "N"
        },
        {
            "id": 49,
            "demand": 2,
            "day": 17,
            "shiftType": "D"
        },
        {
            "id": 50,
            "demand": 5,
            "day": 17,
            "shiftType": "E"
        },
        {
            "id": 51,
            "demand": 2,
            "day": 17,
            "shiftType": "N"
        },
        {
            "id": 52,
            "demand": 4,
            "day": 18,
            "shiftType": "D"
        },
        {
            "id": 53,
            "demand": 6,
            "day": 18,
            "shiftType": "E"
        },
        {
            "id": 54,
            "demand": 5,
            "day": 18,
            "shiftType": "N"
        },
        {
            "id": 55,
            "demand": 3,
            "day": 19,
            "shiftType": "D"
        },
        {
            "id": 56,
            "demand": 3,
            "day": 19,
            "shiftType": "E"
        },
        {
            "id": 57,
            "demand": 6,
            "day": 19,
            "shiftType": "N"
        },
        {
            "id": 58,
            "demand": 6,
            "day": 20,
            "shiftType": "D"
        },
        {
            "id": 59,
            "demand": 6,
            "day": 20,
            "shiftType": "E"
        },
        {
            "id": 60,
            "demand": 6,
            "day": 20,
            "shiftType": "N"
        },
        {
            "id": 61,
            "demand": 4,
            "day": 21,
            "shiftType": "D"
        },
        {
            "id": 62,
            "demand": 3,
            "day": 21,
            "shiftType": "E"
        },
        {
            "id": 63,
            "demand": 2,
            "day": 21,
            "shiftType": "N"
        },
        {
            "id": 64,
            "demand": 2,
            "day": 22,
            "shiftType": "D"
        },
        {
            "id": 65,
            "demand": 6,
            "day": 22,
            "shiftType": "E"
        },
        {
            "id": 66,
            "demand": 4,
            "day": 22,
            "shiftType": "N"
        },
        {
            "id": 67,
            "demand": 4,
            "day": 23,
            "shiftType": "D"
        },
        {
            "id": 68,
            "demand": 2,
            "day": 23,
            "shiftType": "E"
        },
        {
            "id": 69,
            "demand": 6,
            "day": 23,
            "shiftType": "N"
        },
        {
            "id": 70,
            "demand": 2,
            "day": 24,
            "shiftType": "D"
        },
        {
            "id": 71,
            "demand": 5,
            "day": 24,
            "shiftType": "E"
        },
        {
            "id": 72,
            "demand": 5,
            "day": 24,
            "shiftType": "N"
        },
        {
            "id": 73,
            "demand": 5,
            "day": 25,
            "shiftType": "D"
        },
        {
            "id": 74,
            "demand": 3,
            "day": 25,
            "shiftType": "E"
        },
        {
            "id": 75,
            "demand": 5,
            "day": 25,
            "shiftType": "N"
        },
        {
            "id": 76,
            "demand": 4,
            "day": 26,
            "shiftType": "D"
        },
        {
            "id": 77,
            "demand": 3,
            "day": 26,
            "shiftType": "E"
        },
        {
            "id": 78,
            "demand": 4,
            "day": 26,
            "shiftType": "N"
        },
        {
            "id": 79,
            "demand": 6,
            "day": 27,
            "shiftType": "D"
        },
        {
            "id": 80,
            "demand": 5,
            "day": 27,
            "shiftType": "E"
        },
        {
            "id": 81,
            "demand": 2,
            "day": 27,
            "shiftType": "N"
        },
        {
            "id": 82,
            "demand": 2,
            "day": 28,
            "shiftType": "D"
        },
        {
            "id": 83,
            "demand": 5,
            "day": 28,
            "shiftType": "E"
        },
        {
            "id": 84,
            "demand": 5,
            "day": 28,
            "shiftType": "N"
        }
    ],
    "employees": [
        {
            "id": 1,
            "shiftOffs": [
                3,
                9,
                17,
                24,
                42,
                44,
                52,
                53,
                59,
                63,
                66,
                79
            ],
            "totalNumberOfWorkingShifts": 17
        },
        {
            "id": 2,
            "shiftOffs": [
                1,
                3,
                8,
                22,
                25,
                33,
                40,
                48,
                72,
                76
            ],
            "totalNumberOfWorkingShifts": 17
        },
        {
            "id": 3,
            "shiftOffs": [
                13,
                16,
                17,
                21,
                34,
                36,
                50,
                52,
                54,
                66,
                76,
                78,
                84
            ],
            "totalNumberOfWorkingShifts": 17
        },
        {
            "id": 4,
            "shiftOffs": [
                3,
                4,
                12,
                13,
                17,
                19,
                23,
                32,
                50,
                53,
                54,
                56,
                62,
                66
            ],
            "totalNumberOfWorkingShifts": 17
        },
        {
            "id": 5,
            "shiftOffs": [
                1,
                21,
                23,
                29,
                33,
                34,
                66,
                76
            ],
            "totalNumberOfWorkingShifts": 17
        },
        {
            "id": 6,
            "shiftOffs": [
                15,
                16,
                21,
                22,
                24,
                25,
                44,
                55,
                59,
                66,
                84
            ],
            "totalNumberOfWorkingShifts": 17
        },
        {
            "id": 7,
            "shiftOffs": [
                5,
                7,
                30,
                32,
                55,
                62,
                63,
                66,
                79,
                80,
                83,
                84
            ],
            "totalNumberOfWorkingShifts": 17
        },
        {
            "id": 8,
            "shiftOffs": [
                4,
                5,
                7,
                16,
                22,
                23,
                29,
                41,
                57,
                58,
                60,
                62,
                70,
                74
            ],
            "totalNumberOfWorkingShifts": 17
        },
        {
            "id": 9,
            "shiftOffs": [
                6,
                30,
                32,
                33,
                41,
                42,
                44,
                51,
                60,
                65,
                76,
                78,
                80,
                82,
                84
            ],
            "totalNumberOfWorkingShifts": 17
        },
        {
            "id": 10,
            "shiftOffs": [
                4,
                10,
                13,
                20,
                23,
                32,
                35,
                43,
                52,
                56,
                68,
                72,
                76,
                79,
                80
            ],
            "totalNumberOfWorkingShifts": 17
        },
        {
            "id": 11,
            "shiftOffs": [
                5,
                6,
                10,
                12,
                15,
                29,
                34,
                42,
                61,
                72,
                75,
                77,
                80,
                81,
                84
            ],
            "totalNumberOfWorkingShifts": 17
        },
        {
            "id": 12,
            "shiftOffs": [
                2,
                13,
                14,
                15,
                18,
                22,
                31,
                42,
                44,
                47,
                51,
                55,
                58,
                60,
                65,
                81
            ],
            "totalNumberOfWorkingShifts": 17
        },
        {
            "id": 13,
            "shiftOffs": [
                3,
                11,
                18,
                27,
                28,
                31,
                35,
                42,
                59,
                63,
                79
            ],
            "totalNumberOfWorkingShifts": 17
        },
        {
            "id": 14,
            "shiftOffs": [
                3,
                6,
                13,
                23,
                25,
                33,
                39,
                44,
                45,
                50,
                51,
                55,
                61,
                77
            ],
            "totalNumberOfWorkingShifts": 17
        },
        {
            "id": 15,
            "shiftOffs": [
                1,
                7,
                10,
                12,
                26,
                32,
                38,
                60,
                71,
                73,
                75,
                76,
                77,
                82
            ],
            "totalNumberOfWorkingShifts": 17
        },
        {
            "id": 16,
            "shiftOffs": [
                4,
                29,
                33,
                35,
                39,
                50,
                55,
                59,
                63,
                66,
                69,
                77,
                78
            ],
            "totalNumberOfWorkingShifts": 17
        },
        {
            "id": 17,
            "shiftOffs": [
                12,
                14,
                19,
                27,
                33,
                38,
                41,
                51,
                58,
                76,
                77,
                82,
                83
            ],
            "totalNumberOfWorkingShifts": 17
        },
        {
            "id": 18,
            "shiftOffs": [
                1,
                17,
                30,
                33,
                44,
                48,
                55,
                61,
                72
            ],
            "totalNumberOfWorkingShifts": 17
        },
        {
            "id": 19,
            "shiftOffs": [
                1,
                7,
                10,
                20,
                22,
                30,
                32,
                40,
                41,
                43,
                48,
                58,
                73,
                75,
                80
            ],
            "totalNumberOfWorkingShifts": 17
        },
        {
            "id": 20,
            "shiftOffs": [
                21,
                31,
                40,
                50,
                52,
                54,
                70,
                77,
                78
            ],
            "totalNumberOfWorkingShifts": 17
        }
    ]
}