{
    "id": "D28E20",
    "numberOfEmployees": 20,
    "numberOfDays": 28,
    "shiftTypes": [
        "D",
        "E",
        "N"
    ],
    "minimumWorkingDaysPerPeriod7Days": 2,
    "maximumWorkingDaysPerPeriod7Days": 5,
    "maximumShiftsPerDay": 1,
    "minimumBreakBetween2WorkingShifts": 2,
    "shifts": [
        {
            "id": 1,
            "demand": 10,
            "day": 1,
            "shiftType": "D"
        },
        {
            "id": 2,
            "demand": 2,
            "day": 1,
            "shiftType": "E"
        },
        {
            "id": 3,
            "demand": 3,
            "day": 1,
            "shiftType": "N"
        },
        {
            "id": 4,
            "demand": 9,
            "day": 2,
            "shiftType": "D"
        },
        {
            "id": 5,
            "demand": 10,
            "day": 2,
            "shiftType": "E"
        },
        {
            "id": 6,
            "demand": 9,
            "day": 2,
            "shiftType": "N"
        },
        {
            "id": 7,
            "demand": 7,
            "day": 3,
            "shiftType": "D"
        },
        {
            "id": 8,
            "demand": 9,
            "day": 3,
            "shiftType": "E"
        },
        {
            "id": 9,
            "demand": 9,
            "day": 3,
            "shiftType": "N"
        },
        {
            "id": 10,
            "demand": 9,
            "day": 4,
            "shiftType": "D"
        },
        {
            "id": 11,
            "demand": 7,
            "day": 4,
            "shiftType": "E"
        },
        {
            "id": 12,
            "demand": 7,
            "day": 4,
            "shiftType": "N"
        },
        {
            "id": 13,
            "demand": 3,
            "day": 5,
            "shiftType": "D"
        },
        {
            "id": 14,
            "demand": 9,
            "day": 5,
            "shiftType": "E"
        },
        {
            "id": 15,
            "demand": 3,
            "day": 5,
            "shiftType": "N"
        },
        {
            "id": 16,
            "demand": 6,
            "day": 6,
            "shiftType": "D"
        },
        {
            "id": 17,
            "demand": 6,
            "day": 6,
            "shiftType": "E"
        },
        {
            "id": 18,
            "demand": 5,
            "day": 6,
            "shiftType": "N"
        },
        {
            "id": 19,
            "demand": 2,
            "day": 7,
            "shiftType": "D"
        },
        {
            "id": 20,
            "demand": 10,
            "day": 7,
            "shiftType": "E"
        },
        {
            "id": 21,
            "demand": 9,
            "day": 7,
            "shiftType": "N"
        },
        {
            "id": 22,
            "demand": 8,
            "day": 8,
            "shiftType": "D"
        },
        {
            "id": 23,
            "demand": 7,
            "day": 8,
            "shiftType": "E"
        },
        {
            "id": 24,
            "demand": 6,
            "day": 8,
            "shiftType": "N"
        },
        {
            "id": 25,
            "demand": 6,
            "day": 9,
            "shiftType": "D"
        },
        {
            "id": 26,
            "demand": 7,
            "day": 9,
            "shiftType": "E"
        },
        {
            "id": 27,
            "demand": 8,
            "day": 9,
            "shiftType": "N"
        },
        {
            "id": 28,
            "demand": 9,
            "day": 10,
            "shiftType": "D"
        },
        {
            "id": 29,
            "demand": 10,
            "day": 10,
            "shiftType": "E"
        },
        {
            "id": 30,
            "demand": 6,
            "day": 10,
            "shiftType": "N"
        },
        {
            "id": 31,
            "demand": 8,
            "day": 11,
            "shiftType": "D"
        },
        {
            "id": 32,
            "demand": 6,
            "day": 11,
            "shiftType": "E"
        },
        {
            "id": 33,
            "demand": 8,
            "day": 11,
            "shiftType": "N"
        },
        {
            "id": 34,
            "demand": 4,
            "day": 12,
            "shiftType": "D"
        },
        {
            "id": 35,
            "demand": 6,
            "day": 12,
            "shiftType": "E"
        },
        {
            "id": 36,
            "demand": 5,
            "day": 12,
            "shiftType": "N"
        },
        {
            "id": 37,
            "demand": 4,
            "day": 13,
            "shiftType": "D"
        },
        {
            "id": 38,
            "demand": 9,
            "day": 13,
            "shiftType": "E"
        },
        {
            "id": 39,
            "demand": 9,
            "day": 13,
            "shiftType": "N"
        },
        {
            "id": 40,
            "demand": 10,
            "day": 14,
            "shiftType": "D"
        },
        {
            "id": 41,
            "demand": 6,
            "day": 14,
            "shiftType": "E"
        },
        {
            "id": 42,
            "demand": 8,
            "day": 14,
            "shiftType": "N"
        },
        {
            "id": 43,
            "demand": 7,
            "day": 15,
            "shiftType": "D"
        },
        {
            "id": 44,
            "demand": 9,
            "day": 15,
            "shiftType": "E"
        },
        {
            "id": 45,
            "demand": 6,
            "day": 15,
            "shiftType": "N"
        },
        {
            "id": 46,
            "demand": 4,
            "day": 16,
            "shiftType": "D"
        },
        {
            "id": 47,
            "demand": 8,
            "day": 16,
            "shiftType": "E"
        },
        {
            "id": 48,
            "demand": 8,
            "day": 16,
            "shiftType": "N"
        },
        {
            "id": 49,
            "demand": 6,
            "day": 17,
            "shiftType": "D"
        },
        {
            "id": 50,
            "demand": 4,
            "day": 17,
            "shiftType": "E"
        },
        {
            "id": 51,
            "demand": 4,
            "day": 17,
            "shiftType": "N"
        },
        {
            "id": 52,
            "demand": 5,
            "day": 18,
            "shiftType": "D"
        },
        {
            "id": 53,
            "demand": 10,
            "day": 18,
            "shiftType": "E"
        },
        {
            "id": 54,
            "demand": 5,
            "day": 18,
            "shiftType": "N"
        },
        {
            "id": 55,
            "demand": 4,
            "day": 19,
            "shiftType": "D"
        },
        {
            "id": 56,
            "demand": 8,
            "day": 19,
            "shiftType": "E"
        },
        {
            "id": 57,
            "demand": 9,
            "day": 19,
            "shiftType": "N"
        },
        {
            "id": 58,
            "demand": 6,
            "day": 20,
            "shiftType": "D"
        },
        {
            "id": 59,
            "demand": 7,
            "day": 20,
            "shiftType": "E"
        },
        {
            "id": 60,
            "demand": 8,
            "day": 20,
            "shiftType": "N"
        },
        {
            "id": 61,
            "demand": 7,
            "day": 21,
            "shiftType": "D"
        },
        {
            "id": 62,
            "demand": 10,
            "day": 21,
            "shiftType": "E"
        },
        {
            "id": 63,
            "demand": 7,
            "day": 21,
            "shiftType": "N"
        },
        {
            "id": 64,
            "demand": 3,
            "day": 22,
            "shiftType": "D"
        },
        {
            "id": 65,
            "demand": 10,
            "day": 22,
            "shiftType": "E"
        },
        {
            "id": 66,
            "demand": 10,
            "day": 22,
            "shiftType": "N"
        },
        {
            "id": 67,
            "demand": 6,
            "day": 23,
            "shiftType": "D"
        },
        {
            "id": 68,
            "demand": 4,
            "day": 23,
            "shiftType": "E"
        },
        {
            "id": 69,
            "demand": 4,
            "day": 23,
            "shiftType": "N"
        },
        {
            "id": 70,
            "demand": 8,
            "day": 24,
            "shiftType": "D"
        },
        {
            "id": 71,
            "demand": 6,
            "day": 24,
            "shiftType": "E"
        },
        {
            "id": 72,
            "demand": 4,
            "day": 24,
            "shiftType": "N"
        },
        {
            "id": 73,
            "demand": 2,
            "day": 25,
            "shiftType": "D"
        },
        {
            "id": 74,
            "demand": 10,
            "day": 25,
            "shiftType": "E"
        },
        {
            "id": 75,
            "demand": 8,
            "day": 25,
            "shiftType": "N"
        },
        {
            "id": 76,
            "demand": 5,
            "day": 26,
            "shiftType": "D"
        },
        {
            "id": 77,
            "demand": 4,
            "day": 26,
            "shiftType": "E"
        },
        {
            "id": 78,
            "demand": 7,
            "day": 26,
            "shiftType": "N"
        },
        {
            "id": 79,
            "demand": 4,
            "day": 27,
            "shiftType": "D"
        },
        {
            "id": 80,
            "demand": 6,
            "day": 27,
            "shiftType": "E"
        },
        {
            "id": 81,
            "demand": 9,
            "day": 27,
            "shiftType": "N"
        },
        {
            "id": 82,
            "demand": 4,
            "day": 28,
            "shiftType": "D"
        },
        {
            "id": 83,
            "demand": 3,
            "day": 28,
            "shiftType": "E"
        },
        {
            "id": 84,
            "demand": 6,
            "day": 28,
            "shiftType": "N"
        }
    ],
    "employees": [
        {
            "id": 1,
            "shiftOffs": [
                7,
                9,
                10,
                21,
                26,
                28,
                29,
                33,
                35,
                46,
                62,
                67,
                74,
                79
            ],
            "totalNumberOfWorkingShifts": 17
        },
        {
            "id": 2,
            "shiftOffs": [
                3,
                10,
                13,
                14,
                30,
                36,
                44,
                52,
                54,
                63,
                64,
                73,
                76,
                77
            ],
            "totalNumberOfWorkingShifts": 17
        },
        {
            "id": 3,
            "shiftOffs": [
                4,
                13,
                17,
                24,
                26,
                28,
                40,
                48,
                52,
                54,
                55,
                70,
                75
            ],
            "totalNumberOfWorkingShifts": 17
        },
        {
            "id": 4,
            "shiftOffs": [
                15,
                17,
                18,
                23,
                29,
                37,
                38,
                40,
                46,
                48,
                49,
                50,
                55,
                63,
                68,
                73
            ],
            "totalNumberOfWorkingShifts": 17
        },
        {
            "id": 5,
            "shiftOffs": [
                3,
                7,
                8,
                12,
                14,
                20,
                26,
                30,
                39,
                45,
                55,
                56,
                62,
                63,
                82
            ],
            "totalNumberOfWorkingShifts": 17
        },
        {
            "id": 6,
            "shiftOffs": [
                4,
                8,
                17,
                20,
                22,
                24,
                33,
                39,
                47,
                59,
                60,
                68,
                74
            ],
            "totalNumberOfWorkingShifts": 17
        },
        {
            "id": 7,
            "shiftOffs": [
                3,
                7,
                12,
                15,
                16,
                17,
                27,
                36,
                45,
                46,
                54,
                60,
                81,
                82
            ],
            "totalNumberOfWorkingShifts": 17
        },
        {
            "id": 8,
            "shiftOffs": [
                1,
                2,
                17,
                18,
                23,
                28,
                30,
                32,
                39,
                41,
                44,
                46,
                53,
                70
            ],
            "totalNumberOfWorkingShifts": 17
        },
        {
            "id": 9,
            "shiftOffs": [
                2,
                11,
                12,
                21,
                22,
                24,
                46,
                48,
                68,
                70,
                72
            ],
            "totalNumberOfWorkingShifts": 17
        },
        {
            "id": 10,
            "shiftOffs": [
                3,
                6,
                8,
                40,
                46,
                49,
                58,
                60,
                61,
                68,
                84
            ],
            "totalNumberOfWorkingShifts": 17
        },
        {
            "id": 11,
            "shiftOffs": [
                2,
                13,
                14,
                15,
                16,
                24,
                27,
                37,
                44,
                59,
                68,
                70,
                76,
                81
            ],
            "totalNumberOfWorkingShifts": 17
        },
        {
            "id": 12,
            "shiftOffs": [
                5,
                13,
                22,
                32,
                35,
                47,
                48,
                51,
                55,
                57,
                83
            ],
            "totalNumberOfWorkingShifts": 17
        },
        {
            "id": 13,
            "shiftOffs": [
                3,
                10,
                12,
                13,
                18,
                20,
                25,
                31,
                35,
                43,
                46,
                52,
                65,
                70
            ],
            "totalNumberOfWorkingShifts": 17
        },
        {
            "id": 14,
            "shiftOffs": [
                8,
                16,
                35,
                46,
                47,
                52,
                72,
                80,
                82
            ],
            "totalNumberOfWorkingShifts": 17
        },
        {
            "id": 15,
            "shiftOffs": [
                3,
                8,
                21,
                32,
                38,
                43,
                44,
                49,
                66,
                70
            ],
            "totalNumberOfWorkingShifts": 17
        },
        {
            "id": 16,
            "shiftOffs": [
                1,
                7,
                9,
                15,
                16,
                21,
                23,
                24,
                26,
                39,
                41,
                47,
                52,
                57,
                81
            ],
            "totalNumberOfWorkingShifts": 17
        },
        {
            "id": 17,
            "shiftOffs": [
                11,
                18,
                35,
                39,
                43,
                65,
                73,
                75,
                79
            ],
            "totalNumberOfWorkingShifts": 17
        },
        {
            "id": 18,
            "shiftOffs": [
                3,
                5,
                23,
                27,
                30,
                33,
                41,
                44,
                48,
                53,
                59,
                60,
                63,
                64,
                66
            ],
            "totalNumberOfWorkingShifts": 17
        },
        {
            "id": 19,
            "shiftOffs": [
                1,
                13,
                21,
                22,
                33,
                43,
                47,
                56,
                58,
                61,
                62,
                67,
                74,
                75,
                82
            ],
            "totalNumberOfWorkingShifts": 17
        },
        {
            "id": 20,
            "shiftOffs": [
                25,
                27,
                28,
                46,
                53,
                59,
                60,
                62,
                63,
                66,
                67,
                70,
                76,
                81
            ],
            "totalNumberOfWorkingShifts": 17
        }
    ]
}