{
    "ID": "D1E20",
    "LengthOfSchedule": 1,
    "Shift_types": [
        "D",
        "E",
        "N"
    ],
    "Shifts": [
        {
            "ID": 1,
            "Demand": 3,
            "Day": 1,
            "ShiftType": "E"
        },
        {
            "ID": 2,
            "Demand": 4,
            "Day": 1,
            "ShiftType": "N"
        },
        {
            "ID": 3,
            "Demand": 5,
            "Day": 1,
            "ShiftType": "D"
        }
    ],
    "Employees": [
        {
            "ID": 1
        },
        {
            "ID": 2
        },
        {
            "ID": 3
        },
        {
            "ID": 4
        },
        {
            "ID": 5
        },
        {
            "ID": 6
        },
        {
            "ID": 7
        },
        {
            "ID": 8
        },
        {
            "ID": 9
        },
        {
            "ID": 10
        },
        {
            "ID": 11
        },
        {
            "ID": 12
        },
        {
            "ID": 13
        },
        {
            "ID": 14
        },
        {
            "ID": 15
        },
        {
            "ID": 16
        },
        {
            "ID": 17
        },
        {
            "ID": 18
        },
        {
            "ID": 19
        },
        {
            "ID": 20
        }
    ]
}