{
    "id": "D1E50",
    "numberOfDays": 1,
    "shiftTypes": [
        "D",
        "E",
        "N"
    ],
    "minimumConsecutiveShiftsConstraints": [
        {
            "numberOfConsecutiveShifts": 21,
            "minimumNumberOfShifts": 2
        }
    ],
    "maximumConsecutiveShiftsConstraints": [
        {
            "numberOfConsecutiveShifts": 21,
            "maximumNumberOfShifts": 5
        },
        {
            "numberOfConsecutiveShifts": 3,
            "maximumNumberOfShifts": 1
        }
    ],
    "shifts": [
        {
            "id": 1,
            "demand": 6,
            "day": 1,
            "shiftType": "E"
        },
        {
            "id": 2,
            "demand": 7,
            "day": 1,
            "shiftType": "N"
        },
        {
            "id": 3,
            "demand": 8,
            "day": 1,
            "shiftType": "D"
        }
    ],
    "employees": [
        {
            "id": 1,
            "totalNumberOfWorkingShifts": 17
        },
        {
            "id": 2,
            "totalNumberOfWorkingShifts": 17
        },
        {
            "id": 3,
            "totalNumberOfWorkingShifts": 17
        },
        {
            "id": 4,
            "totalNumberOfWorkingShifts": 17
        },
        {
            "id": 5,
            "totalNumberOfWorkingShifts": 17
        },
        {
            "id": 6,
            "totalNumberOfWorkingShifts": 17
        },
        {
            "id": 7,
            "totalNumberOfWorkingShifts": 17
        },
        {
            "id": 8,
            "totalNumberOfWorkingShifts": 17
        },
        {
            "id": 9,
            "totalNumberOfWorkingShifts": 17
        },
        {
            "id": 10,
            "totalNumberOfWorkingShifts": 17
        },
        {
            "id": 11,
            "totalNumberOfWorkingShifts": 17
        },
        {
            "id": 12,
            "totalNumberOfWorkingShifts": 17
        },
        {
            "id": 13,
            "totalNumberOfWorkingShifts": 17
        },
        {
            "id": 14,
            "totalNumberOfWorkingShifts": 17
        },
        {
            "id": 15,
            "totalNumberOfWorkingShifts": 17
        },
        {
            "id": 16,
            "totalNumberOfWorkingShifts": 17
        },
        {
            "id": 17,
            "totalNumberOfWorkingShifts": 17
        },
        {
            "id": 18,
            "totalNumberOfWorkingShifts": 17
        },
        {
            "id": 19,
            "totalNumberOfWorkingShifts": 17
        },
        {
            "id": 20,
            "totalNumberOfWorkingShifts": 17
        },
        {
            "id": 21,
            "totalNumberOfWorkingShifts": 17
        },
        {
            "id": 22,
            "totalNumberOfWorkingShifts": 17
        },
        {
            "id": 23,
            "totalNumberOfWorkingShifts": 17
        },
        {
            "id": 24,
            "totalNumberOfWorkingShifts": 17
        },
        {
            "id": 25,
            "totalNumberOfWorkingShifts": 17
        },
        {
            "id": 26,
            "totalNumberOfWorkingShifts": 17
        },
        {
            "id": 27,
            "totalNumberOfWorkingShifts": 17
        },
        {
            "id": 28,
            "totalNumberOfWorkingShifts": 17
        },
        {
            "id": 29,
            "totalNumberOfWorkingShifts": 17
        },
        {
            "id": 30,
            "totalNumberOfWorkingShifts": 17
        },
        {
            "id": 31,
            "totalNumberOfWorkingShifts": 17
        },
        {
            "id": 32,
            "totalNumberOfWorkingShifts": 17
        },
        {
            "id": 33,
            "totalNumberOfWorkingShifts": 17
        },
        {
            "id": 34,
            "totalNumberOfWorkingShifts": 17
        },
        {
            "id": 35,
            "totalNumberOfWorkingShifts": 17
        },
        {
            "id": 36,
            "totalNumberOfWorkingShifts": 17
        },
        {
            "id": 37,
            "totalNumberOfWorkingShifts": 17
        },
        {
            "id": 38,
            "totalNumberOfWorkingShifts": 17
        },
        {
            "id": 39,
            "totalNumberOfWorkingShifts": 17
        },
        {
            "id": 40,
            "totalNumberOfWorkingShifts": 17
        },
        {
            "id": 41,
            "totalNumberOfWorkingShifts": 17
        },
        {
            "id": 42,
            "totalNumberOfWorkingShifts": 17
        },
        {
            "id": 43,
            "totalNumberOfWorkingShifts": 17
        },
        {
            "id": 44,
            "totalNumberOfWorkingShifts": 17
        },
        {
            "id": 45,
            "totalNumberOfWorkingShifts": 17
        },
        {
            "id": 46,
            "totalNumberOfWorkingShifts": 17
        },
        {
            "id": 47,
            "totalNumberOfWorkingShifts": 17
        },
        {
            "id": 48,
            "totalNumberOfWorkingShifts": 17
        },
        {
            "id": 49,
            "totalNumberOfWorkingShifts": 17
        },
        {
            "id": 50,
            "totalNumberOfWorkingShifts": 17
        }
    ]
}