{
    "ID": "D56E100",
    "LengthOfSchedule": 56,
    "Shift_types": [
        "D",
        "E",
        "N"
    ],
    "Shifts": [
        {
            "ID": 1,
            "Demand": 11,
            "Day": 2,
            "ShiftType": "E"
        },
        {
            "ID": 2,
            "Demand": 12,
            "Day": 3,
            "ShiftType": "N"
        },
        {
            "ID": 3,
            "Demand": 13,
            "Day": 4,
            "ShiftType": "D"
        },
        {
            "ID": 4,
            "Demand": 14,
            "Day": 5,
            "ShiftType": "E"
        },
        {
            "ID": 5,
            "Demand": 15,
            "Day": 6,
            "ShiftType": "N"
        },
        {
            "ID": 6,
            "Demand": 16,
            "Day": 7,
            "ShiftType": "D"
        },
        {
            "ID": 7,
            "Demand": 17,
            "Day": 8,
            "ShiftType": "E"
        },
        {
            "ID": 8,
            "Demand": 18,
            "Day": 9,
            "ShiftType": "N"
        },
        {
            "ID": 9,
            "Demand": 19,
            "Day": 10,
            "ShiftType": "D"
        },
        {
            "ID": 10,
            "Demand": 20,
            "Day": 11,
            "ShiftType": "E"
        },
        {
            "ID": 11,
            "Demand": 21,
            "Day": 12,
            "ShiftType": "N"
        },
        {
            "ID": 12,
            "Demand": 22,
            "Day": 13,
            "ShiftType": "D"
        },
        {
            "ID": 13,
            "Demand": 23,
            "Day": 14,
            "ShiftType": "E"
        },
        {
            "ID": 14,
            "Demand": 24,
            "Day": 15,
            "ShiftType": "N"
        },
        {
            "ID": 15,
            "Demand": 25,
            "Day": 16,
            "ShiftType": "D"
        },
        {
            "ID": 16,
            "Demand": 26,
            "Day": 17,
            "ShiftType": "E"
        },
        {
            "ID": 17,
            "Demand": 27,
            "Day": 18,
            "ShiftType": "N"
        },
        {
            "ID": 18,
            "Demand": 28,
            "Day": 19,
            "ShiftType": "D"
        },
        {
            "ID": 19,
            "Demand": 29,
            "Day": 20,
            "ShiftType": "E"
        },
        {
            "ID": 20,
            "Demand": 30,
            "Day": 21,
            "ShiftType": "N"
        },
        {
            "ID": 21,
            "Demand": 31,
            "Day": 22,
            "ShiftType": "D"
        },
        {
            "ID": 22,
            "Demand": 32,
            "Day": 23,
            "ShiftType": "E"
        },
        {
            "ID": 23,
            "Demand": 33,
            "Day": 24,
            "ShiftType": "N"
        },
        {
            "ID": 24,
            "Demand": 34,
            "Day": 25,
            "ShiftType": "D"
        },
        {
            "ID": 25,
            "Demand": 35,
            "Day": 26,
            "ShiftType": "E"
        },
        {
            "ID": 26,
            "Demand": 36,
            "Day": 27,
            "ShiftType": "N"
        },
        {
            "ID": 27,
            "Demand": 37,
            "Day": 28,
            "ShiftType": "D"
        },
        {
            "ID": 28,
            "Demand": 38,
            "Day": 29,
            "ShiftType": "E"
        },
        {
            "ID": 29,
            "Demand": 39,
            "Day": 30,
            "ShiftType": "N"
        },
        {
            "ID": 30,
            "Demand": 40,
            "Day": 31,
            "ShiftType": "D"
        },
        {
            "ID": 31,
            "Demand": 41,
            "Day": 32,
            "ShiftType": "E"
        },
        {
            "ID": 32,
            "Demand": 42,
            "Day": 33,
            "ShiftType": "N"
        },
        {
            "ID": 33,
            "Demand": 43,
            "Day": 34,
            "ShiftType": "D"
        },
        {
            "ID": 34,
            "Demand": 44,
            "Day": 35,
            "ShiftType": "E"
        },
        {
            "ID": 35,
            "Demand": 45,
            "Day": 36,
            "ShiftType": "N"
        },
        {
            "ID": 36,
            "Demand": 46,
            "Day": 37,
            "ShiftType": "D"
        },
        {
            "ID": 37,
            "Demand": 47,
            "Day": 38,
            "ShiftType": "E"
        },
        {
            "ID": 38,
            "Demand": 48,
            "Day": 39,
            "ShiftType": "N"
        },
        {
            "ID": 39,
            "Demand": 49,
            "Day": 40,
            "ShiftType": "D"
        },
        {
            "ID": 40,
            "Demand": 50,
            "Day": 41,
            "ShiftType": "E"
        },
        {
            "ID": 41,
            "Demand": 10,
            "Day": 42,
            "ShiftType": "N"
        },
        {
            "ID": 42,
            "Demand": 11,
            "Day": 43,
            "ShiftType": "D"
        },
        {
            "ID": 43,
            "Demand": 12,
            "Day": 44,
            "ShiftType": "E"
        },
        {
            "ID": 44,
            "Demand": 13,
            "Day": 45,
            "ShiftType": "N"
        },
        {
            "ID": 45,
            "Demand": 14,
            "Day": 46,
            "ShiftType": "D"
        },
        {
            "ID": 46,
            "Demand": 15,
            "Day": 47,
            "ShiftType": "E"
        },
        {
            "ID": 47,
            "Demand": 16,
            "Day": 48,
            "ShiftType": "N"
        },
        {
            "ID": 48,
            "Demand": 17,
            "Day": 49,
            "ShiftType": "D"
        },
        {
            "ID": 49,
            "Demand": 18,
            "Day": 50,
            "ShiftType": "E"
        },
        {
            "ID": 50,
            "Demand": 19,
            "Day": 51,
            "ShiftType": "N"
        },
        {
            "ID": 51,
            "Demand": 20,
            "Day": 52,
            "ShiftType": "D"
        },
        {
            "ID": 52,
            "Demand": 21,
            "Day": 53,
            "ShiftType": "E"
        },
        {
            "ID": 53,
            "Demand": 22,
            "Day": 54,
            "ShiftType": "N"
        },
        {
            "ID": 54,
            "Demand": 23,
            "Day": 55,
            "ShiftType": "D"
        },
        {
            "ID": 55,
            "Demand": 24,
            "Day": 56,
            "ShiftType": "E"
        },
        {
            "ID": 56,
            "Demand": 25,
            "Day": 1,
            "ShiftType": "N"
        },
        {
            "ID": 57,
            "Demand": 26,
            "Day": 2,
            "ShiftType": "D"
        },
        {
            "ID": 58,
            "Demand": 27,
            "Day": 3,
            "ShiftType": "E"
        },
        {
            "ID": 59,
            "Demand": 28,
            "Day": 4,
            "ShiftType": "N"
        },
        {
            "ID": 60,
            "Demand": 29,
            "Day": 5,
            "ShiftType": "D"
        },
        {
            "ID": 61,
            "Demand": 30,
            "Day": 6,
            "ShiftType": "E"
        },
        {
            "ID": 62,
            "Demand": 31,
            "Day": 7,
            "ShiftType": "N"
        },
        {
            "ID": 63,
            "Demand": 32,
            "Day": 8,
            "ShiftType": "D"
        },
        {
            "ID": 64,
            "Demand": 33,
            "Day": 9,
            "ShiftType": "E"
        },
        {
            "ID": 65,
            "Demand": 34,
            "Day": 10,
            "ShiftType": "N"
        },
        {
            "ID": 66,
            "Demand": 35,
            "Day": 11,
            "ShiftType": "D"
        },
        {
            "ID": 67,
            "Demand": 36,
            "Day": 12,
            "ShiftType": "E"
        },
        {
            "ID": 68,
            "Demand": 37,
            "Day": 13,
            "ShiftType": "N"
        },
        {
            "ID": 69,
            "Demand": 38,
            "Day": 14,
            "ShiftType": "D"
        },
        {
            "ID": 70,
            "Demand": 39,
            "Day": 15,
            "ShiftType": "E"
        },
        {
            "ID": 71,
            "Demand": 40,
            "Day": 16,
            "ShiftType": "N"
        },
        {
            "ID": 72,
            "Demand": 41,
            "Day": 17,
            "ShiftType": "D"
        },
        {
            "ID": 73,
            "Demand": 42,
            "Day": 18,
            "ShiftType": "E"
        },
        {
            "ID": 74,
            "Demand": 43,
            "Day": 19,
            "ShiftType": "N"
        },
        {
            "ID": 75,
            "Demand": 44,
            "Day": 20,
            "ShiftType": "D"
        },
        {
            "ID": 76,
            "Demand": 45,
            "Day": 21,
            "ShiftType": "E"
        },
        {
            "ID": 77,
            "Demand": 46,
            "Day": 22,
            "ShiftType": "N"
        },
        {
            "ID": 78,
            "Demand": 47,
            "Day": 23,
            "ShiftType": "D"
        },
        {
            "ID": 79,
            "Demand": 48,
            "Day": 24,
            "ShiftType": "E"
        },
        {
            "ID": 80,
            "Demand": 49,
            "Day": 25,
            "ShiftType": "N"
        },
        {
            "ID": 81,
            "Demand": 50,
            "Day": 26,
            "ShiftType": "D"
        },
        {
            "ID": 82,
            "Demand": 10,
            "Day": 27,
            "ShiftType": "E"
        },
        {
            "ID": 83,
            "Demand": 11,
            "Day": 28,
            "ShiftType": "N"
        },
        {
            "ID": 84,
            "Demand": 12,
            "Day": 29,
            "ShiftType": "D"
        },
        {
            "ID": 85,
            "Demand": 13,
            "Day": 30,
            "ShiftType": "E"
        },
        {
            "ID": 86,
            "Demand": 14,
            "Day": 31,
            "ShiftType": "N"
        },
        {
            "ID": 87,
            "Demand": 15,
            "Day": 32,
            "ShiftType": "D"
        },
        {
            "ID": 88,
            "Demand": 16,
            "Day": 33,
            "ShiftType": "E"
        },
        {
            "ID": 89,
            "Demand": 17,
            "Day": 34,
            "ShiftType": "N"
        },
        {
            "ID": 90,
            "Demand": 18,
            "Day": 35,
            "ShiftType": "D"
        },
        {
            "ID": 91,
            "Demand": 19,
            "Day": 36,
            "ShiftType": "E"
        },
        {
            "ID": 92,
            "Demand": 20,
            "Day": 37,
            "ShiftType": "N"
        },
        {
            "ID": 93,
            "Demand": 21,
            "Day": 38,
            "ShiftType": "D"
        },
        {
            "ID": 94,
            "Demand": 22,
            "Day": 39,
            "ShiftType": "E"
        },
        {
            "ID": 95,
            "Demand": 23,
            "Day": 40,
            "ShiftType": "N"
        },
        {
            "ID": 96,
            "Demand": 24,
            "Day": 41,
            "ShiftType": "D"
        },
        {
            "ID": 97,
            "Demand": 25,
            "Day": 42,
            "ShiftType": "E"
        },
        {
            "ID": 98,
            "Demand": 26,
            "Day": 43,
            "ShiftType": "N"
        },
        {
            "ID": 99,
            "Demand": 27,
            "Day": 44,
            "ShiftType": "D"
        },
        {
            "ID": 100,
            "Demand": 28,
            "Day": 45,
            "ShiftType": "E"
        },
        {
            "ID": 101,
            "Demand": 29,
            "Day": 46,
            "ShiftType": "N"
        },
        {
            "ID": 102,
            "Demand": 30,
            "Day": 47,
            "ShiftType": "D"
        },
        {
            "ID": 103,
            "Demand": 31,
            "Day": 48,
            "ShiftType": "E"
        },
        {
            "ID": 104,
            "Demand": 32,
            "Day": 49,
            "ShiftType": "N"
        },
        {
            "ID": 105,
            "Demand": 33,
            "Day": 50,
            "ShiftType": "D"
        },
        {
            "ID": 106,
            "Demand": 34,
            "Day": 51,
            "ShiftType": "E"
        },
        {
            "ID": 107,
            "Demand": 35,
            "Day": 52,
            "ShiftType": "N"
        },
        {
            "ID": 108,
            "Demand": 36,
            "Day": 53,
            "ShiftType": "D"
        },
        {
            "ID": 109,
            "Demand": 37,
            "Day": 54,
            "ShiftType": "E"
        },
        {
            "ID": 110,
            "Demand": 38,
            "Day": 55,
            "ShiftType": "N"
        },
        {
            "ID": 111,
            "Demand": 39,
            "Day": 56,
            "ShiftType": "D"
        },
        {
            "ID": 112,
            "Demand": 40,
            "Day": 1,
            "ShiftType": "E"
        },
        {
            "ID": 113,
            "Demand": 41,
            "Day": 2,
            "ShiftType": "N"
        },
        {
            "ID": 114,
            "Demand": 42,
            "Day": 3,
            "ShiftType": "D"
        },
        {
            "ID": 115,
            "Demand": 43,
            "Day": 4,
            "ShiftType": "E"
        },
        {
            "ID": 116,
            "Demand": 44,
            "Day": 5,
            "ShiftType": "N"
        },
        {
            "ID": 117,
            "Demand": 45,
            "Day": 6,
            "ShiftType": "D"
        },
        {
            "ID": 118,
            "Demand": 46,
            "Day": 7,
            "ShiftType": "E"
        },
        {
            "ID": 119,
            "Demand": 47,
            "Day": 8,
            "ShiftType": "N"
        },
        {
            "ID": 120,
            "Demand": 48,
            "Day": 9,
            "ShiftType": "D"
        },
        {
            "ID": 121,
            "Demand": 49,
            "Day": 10,
            "ShiftType": "E"
        },
        {
            "ID": 122,
            "Demand": 50,
            "Day": 11,
            "ShiftType": "N"
        },
        {
            "ID": 123,
            "Demand": 10,
            "Day": 12,
            "ShiftType": "D"
        },
        {
            "ID": 124,
            "Demand": 11,
            "Day": 13,
            "ShiftType": "E"
        },
        {
            "ID": 125,
            "Demand": 12,
            "Day": 14,
            "ShiftType": "N"
        },
        {
            "ID": 126,
            "Demand": 13,
            "Day": 15,
            "ShiftType": "D"
        },
        {
            "ID": 127,
            "Demand": 14,
            "Day": 16,
            "ShiftType": "E"
        },
        {
            "ID": 128,
            "Demand": 15,
            "Day": 17,
            "ShiftType": "N"
        },
        {
            "ID": 129,
            "Demand": 16,
            "Day": 18,
            "ShiftType": "D"
        },
        {
            "ID": 130,
            "Demand": 17,
            "Day": 19,
            "ShiftType": "E"
        },
        {
            "ID": 131,
            "Demand": 18,
            "Day": 20,
            "ShiftType": "N"
        },
        {
            "ID": 132,
            "Demand": 19,
            "Day": 21,
            "ShiftType": "D"
        },
        {
            "ID": 133,
            "Demand": 20,
            "Day": 22,
            "ShiftType": "E"
        },
        {
            "ID": 134,
            "Demand": 21,
            "Day": 23,
            "ShiftType": "N"
        },
        {
            "ID": 135,
            "Demand": 22,
            "Day": 24,
            "ShiftType": "D"
        },
        {
            "ID": 136,
            "Demand": 23,
            "Day": 25,
            "ShiftType": "E"
        },
        {
            "ID": 137,
            "Demand": 24,
            "Day": 26,
            "ShiftType": "N"
        },
        {
            "ID": 138,
            "Demand": 25,
            "Day": 27,
            "ShiftType": "D"
        },
        {
            "ID": 139,
            "Demand": 26,
            "Day": 28,
            "ShiftType": "E"
        },
        {
            "ID": 140,
            "Demand": 27,
            "Day": 29,
            "ShiftType": "N"
        },
        {
            "ID": 141,
            "Demand": 28,
            "Day": 30,
            "ShiftType": "D"
        },
        {
            "ID": 142,
            "Demand": 29,
            "Day": 31,
            "ShiftType": "E"
        },
        {
            "ID": 143,
            "Demand": 30,
            "Day": 32,
            "ShiftType": "N"
        },
        {
            "ID": 144,
            "Demand": 31,
            "Day": 33,
            "ShiftType": "D"
        },
        {
            "ID": 145,
            "Demand": 32,
            "Day": 34,
            "ShiftType": "E"
        },
        {
            "ID": 146,
            "Demand": 33,
            "Day": 35,
            "ShiftType": "N"
        },
        {
            "ID": 147,
            "Demand": 34,
            "Day": 36,
            "ShiftType": "D"
        },
        {
            "ID": 148,
            "Demand": 35,
            "Day": 37,
            "ShiftType": "E"
        },
        {
            "ID": 149,
            "Demand": 36,
            "Day": 38,
            "ShiftType": "N"
        },
        {
            "ID": 150,
            "Demand": 37,
            "Day": 39,
            "ShiftType": "D"
        },
        {
            "ID": 151,
            "Demand": 38,
            "Day": 40,
            "ShiftType": "E"
        },
        {
            "ID": 152,
            "Demand": 39,
            "Day": 41,
            "ShiftType": "N"
        },
        {
            "ID": 153,
            "Demand": 40,
            "Day": 42,
            "ShiftType": "D"
        },
        {
            "ID": 154,
            "Demand": 41,
            "Day": 43,
            "ShiftType": "E"
        },
        {
            "ID": 155,
            "Demand": 42,
            "Day": 44,
            "ShiftType": "N"
        },
        {
            "ID": 156,
            "Demand": 43,
            "Day": 45,
            "ShiftType": "D"
        },
        {
            "ID": 157,
            "Demand": 44,
            "Day": 46,
            "ShiftType": "E"
        },
        {
            "ID": 158,
            "Demand": 45,
            "Day": 47,
            "ShiftType": "N"
        },
        {
            "ID": 159,
            "Demand": 46,
            "Day": 48,
            "ShiftType": "D"
        },
        {
            "ID": 160,
            "Demand": 47,
            "Day": 49,
            "ShiftType": "E"
        },
        {
            "ID": 161,
            "Demand": 48,
            "Day": 50,
            "ShiftType": "N"
        },
        {
            "ID": 162,
            "Demand": 49,
            "Day": 51,
            "ShiftType": "D"
        },
        {
            "ID": 163,
            "Demand": 50,
            "Day": 52,
            "ShiftType": "E"
        },
        {
            "ID": 164,
            "Demand": 10,
            "Day": 53,
            "ShiftType": "N"
        },
        {
            "ID": 165,
            "Demand": 11,
            "Day": 54,
            "ShiftType": "D"
        },
        {
            "ID": 166,
            "Demand": 12,
            "Day": 55,
            "ShiftType": "E"
        },
        {
            "ID": 167,
            "Demand": 13,
            "Day": 56,
            "ShiftType": "N"
        },
        {
            "ID": 168,
            "Demand": 14,
            "Day": 1,
            "ShiftType": "D"
        }
    ],
    "Employees": [
        {
            "ID": 1
        },
        {
            "ID": 2
        },
        {
            "ID": 3
        },
        {
            "ID": 4
        },
        {
            "ID": 5
        },
        {
            "ID": 6
        },
        {
            "ID": 7
        },
        {
            "ID": 8
        },
        {
            "ID": 9
        },
        {
            "ID": 10
        },
        {
            "ID": 11
        },
        {
            "ID": 12
        },
        {
            "ID": 13
        },
        {
            "ID": 14
        },
        {
            "ID": 15
        },
        {
            "ID": 16
        },
        {
            "ID": 17
        },
        {
            "ID": 18
        },
        {
            "ID": 19
        },
        {
            "ID": 20
        },
        {
            "ID": 21
        },
        {
            "ID": 22
        },
        {
            "ID": 23
        },
        {
            "ID": 24
        },
        {
            "ID": 25
        },
        {
            "ID": 26
        },
        {
            "ID": 27
        },
        {
            "ID": 28
        },
        {
            "ID": 29
        },
        {
            "ID": 30
        },
        {
            "ID": 31
        },
        {
            "ID": 32
        },
        {
            "ID": 33
        },
        {
            "ID": 34
        },
        {
            "ID": 35
        },
        {
            "ID": 36
        },
        {
            "ID": 37
        },
        {
            "ID": 38
        },
        {
            "ID": 39
        },
        {
            "ID": 40
        },
        {
            "ID": 41
        },
        {
            "ID": 42
        },
        {
            "ID": 43
        },
        {
            "ID": 44
        },
        {
            "ID": 45
        },
        {
            "ID": 46
        },
        {
            "ID": 47
        },
        {
            "ID": 48
        },
        {
            "ID": 49
        },
        {
            "ID": 50
        },
        {
            "ID": 51
        },
        {
            "ID": 52
        },
        {
            "ID": 53
        },
        {
            "ID": 54
        },
        {
            "ID": 55
        },
        {
            "ID": 56
        },
        {
            "ID": 57
        },
        {
            "ID": 58
        },
        {
            "ID": 59
        },
        {
            "ID": 60
        },
        {
            "ID": 61
        },
        {
            "ID": 62
        },
        {
            "ID": 63
        },
        {
            "ID": 64
        },
        {
            "ID": 65
        },
        {
            "ID": 66
        },
        {
            "ID": 67
        },
        {
            "ID": 68
        },
        {
            "ID": 69
        },
        {
            "ID": 70
        },
        {
            "ID": 71
        },
        {
            "ID": 72
        },
        {
            "ID": 73
        },
        {
            "ID": 74
        },
        {
            "ID": 75
        },
        {
            "ID": 76
        },
        {
            "ID": 77
        },
        {
            "ID": 78
        },
        {
            "ID": 79
        },
        {
            "ID": 80
        },
        {
            "ID": 81
        },
        {
            "ID": 82
        },
        {
            "ID": 83
        },
        {
            "ID": 84
        },
        {
            "ID": 85
        },
        {
            "ID": 86
        },
        {
            "ID": 87
        },
        {
            "ID": 88
        },
        {
            "ID": 89
        },
        {
            "ID": 90
        },
        {
            "ID": 91
        },
        {
            "ID": 92
        },
        {
            "ID": 93
        },
        {
            "ID": 94
        },
        {
            "ID": 95
        },
        {
            "ID": 96
        },
        {
            "ID": 97
        },
        {
            "ID": 98
        },
        {
            "ID": 99
        },
        {
            "ID": 100
        }
    ]
}